ticker,fiscalQuarter,capitalExpenditure_,netIncome_,operatingIncome_,shareholdersEquity_,totalAssets_,debtToTotalAssets,niToAsset,ROA,revenueGrowth,netIncomeGrowth,companyName,EBITDA,salePrice,realGDPSA,m2SA,m2MinusM1SA,m2Velocity,primeRate,EBITDA_lag1,year,quarter
BEKE,2018Q4,2.110696183823817,-1.6710303109595501,2.138782297230363,1.0669842826477494,0.5623279016355177,-0.3821222822023573,-0.0120367478359814,-0.0120367478359814,0.6152873264151972,2.5577183974957842,KE HOLDINGS INC,1.033,0.30733760095586826,0.09940409486574157,-0.31355979059329897,1.027312249974686,0.37039021497238456,5.278225806451613,,2018,4
BEKE,2019Q1,2.110696183823817,-1.6710303109595501,2.138782297230363,1.0669842826477494,0.5623279016355177,-0.3821222822023573,-0.0120367478359814,-0.0120367478359814,-0.475545943875139,0.0,KE HOLDINGS INC,0.774,-0.09536025128292464,0.17174140507088026,-0.2681758587866635,1.0697675456615658,0.34006400308410073,5.5,1.033,2019,1
BEKE,2019Q2,2.110696183823817,1.742166209919645,2.126463562649379,1.0669842826477494,0.5623279016355177,-0.3821222822023573,-0.0120367478359814,-0.0120367478359814,0.348841379208241,-2.1912553845249123,KE HOLDINGS INC,0.8130000000000001,1.156217324326888,0.2691106304177275,-0.22629527603279934,1.1013581958959568,0.352194487839414,5.5,0.774,2019,2
BEKE,2019Q3,2.110696183823817,1.742166209919645,2.126463562649379,1.0669842826477494,0.5623279016355177,-0.3821222822023573,-0.0120367478359814,-0.0120367478359814,-0.042674642665496,0.0,KE HOLDINGS INC,0.781,0.9361422955007461,0.4066597687030698,-0.15915706286430498,1.1570019877990403,0.3158030335734742,5.307692307692308,0.8130000000000001,2019,3
BEKE,2019Q4,2.110696183823817,-1.6710303109595501,2.138782297230363,2.2379206218718686,1.5651297102424597,-0.4687203589834736,-0.0408493902264184,-0.0408493902264184,0.3903933724729083,-3.0910274109744433,KE HOLDINGS INC
,0.782,0.8374122680363969,0.48776141621555785,-0.08154072371337569,1.2173449317999647,0.21269391315331218,4.834677419354839,0.781,2019,4
BEKE,2020Q1,2.110696183823817,-1.6710303109595501,2.138782297230363,2.2379206218718686,1.5651297102424597,-0.4687203589834736,-0.0408493902264184,-0.0408493902264184,-0.475545943875139,-0.5603655152665469,KE HOLDINGS INC,0.664,1.3390182117238343,0.32101703151730404,0.005077387035565382,1.2774992237093705,-0.0723724785965501,4.395161290322581,0.782,2020,1
BEKE,2020Q2,1.063364644241009,1.742166209919645,2.138782297230363,2.2379206218718686,1.698379533799661,-0.469124375046232,0.0393505287960919,0.0393505287960919,0.6152873264151972,-3.0910274109744433,KE HOLDINGS INC,0.5750000000000001,-0.3514043959641671,-0.612891327639611,0.49368684592863393,-0.36987944019650487,-1.6614659815425858,3.25,0.664,2020,2
BEKE,2020Q3,1.063364644241009,0.3479783102148867,2.138782297230363,2.2379206218718686,2.312392939968451,-0.5619640064957419,0.0017099445965742,0.0015054768634726,0.1148382597970079,-0.949716533784087,KE HOLDINGS INC,0.553,0.02342118385157888,0.2385920883335003,0.6739297655320579,-1.308980976683825,-1.3642691050374103,3.25,0.5750000000000001,2020,3
BEKE,2020Q4,2.110696183823817,1.742166209919645,2.138782297230363,2.2379206218718686,2.312392939968451,-0.6403528200392345,0.0132944336002463,0.0110186477323802,0.1579673433953652,2.5577183974957842,KE HOLDINGS INC,0.7020000000000001,0.2476960990999482,0.365784825955317,0.8019895428665198,-1.3434357086712785,-1.4431172559469472,3.25,0.553,2020,4
BEKE,2021Q1,2.110696183823817,1.742166209919645,2.138782297230363,2.2379206218718686,2.312392939968451,-0.6403533058969009,0.0098977998918856,0.0098977998918856,-0.1426643457074695,-0.0761717409703318,KE HOLDINGS INC,0.8190000000000001,-1.3643374166052609,0.5293781805988044,0.9549079359171174,-1.3710818151739048,-1.4916391949682002,3.25,0.7020000000000001,2021,1
BEKE,2021Q2,2.110696183823817,1.742166209919645,2.138782297230363,2.2379206218718686,2.312392939968451,-0.6456666360685839,0.0105878922534321,0.0104813542707469,0.2000672467277375,0.0807066630351351,KE HOLDINGS INC,0.554,0.47151644981504,0.7180439652579367,1.1370581457793405,-1.3894753940970221,-1.5401611339894532,3.25,0.8190000000000001,2021,2
BEKE,2021Q3,2.110696183823817,-1.6710303109595501,2.138782297230363,2.2379206218718686,2.312392939968451,-0.6672067085913669,-0.0167853652794228,-0.0172366518014758,-0.2554757581849466,-2.5648505607551577,KE HOLDINGS INC,0.539,-0.15430251486125499,0.8221363771504672,1.245270932010742,-1.4019007068520795,-1.52803064923414,3.25,0.554,2021,3
BEKE,2021Q4,2.110696183823817,-1.6710303109595501,2.138782297230363,2.2379206218718686,2.312392939968451,-0.6683602399911349,-0.009002814857498,-0.0092097072931342,0.0421679830762524,-0.4676373805366745,KE HOLDINGS INC,0.915,2.1096336272099108,1.044093404914493,1.3659489374230769,-1.4126796013538803,-1.449182498324603,3.25,0.539,2021,4
BEKE,2022Q1,2.110696183823817,-1.6710303109595501,1.4664519776988694,2.2379206218718686,2.312392939968451,-0.669902775014729,-0.0062231166697269,-0.0062231166697269,-0.3270539881560153,-0.3298153215714856,KE HOLDINGS INC,0.634,1.0185264581862958,1.011831011354827,1.4505719746795498,-1.4214604987045898,-1.4431172559469472,3.294354838709677,0.915,2022,1
BEKE,2022Q2,1.2756229301445083,-1.6710303109595501,1.5059627163138867,2.2379206218718686,2.312392939968451,-0.6386051524916369,-0.0175180294857573,-0.0175657763353285,-0.0146403918386485,1.8073620387184144,KE HOLDINGS INC,0.8140000000000001,1.4819794976177865,1.020602766878533,1.4578420224860993,-1.4260567496616017,-1.2854209541278747,3.928571428571429,0.634,2022,2
BEKE,2022Q3,1.2756229301445083,1.742166209919645,1.3977598776752922,2.2379206218718686,2.312392939968451,-0.6411393131402887,0.0079676270410957,0.0081220552798069,0.1508394497812024,-1.4505412180878667,KE HOLDINGS INC,0.6950000000000001,2.1096336272099108,1.1048063700914394,1.4328557220664442,-1.3893467676709883,-1.121659409931145,5.373076923076923,0.8140000000000001,2022,3
BEKE,2022Q4,2.110696183823817,1.0726378801321048,1.9512506731200325,2.2379206218718686,2.312392939968451,-0.6314514546033466,0.0030102249856542,0.002956046772967,0.1684425144828805,-0.6198707081849668,KE HOLDINGS INC,0.984,1.6357088507428188,1.2090465756790425,1.3716468673175612,-1.321217637347363,-0.9033106843355078,6.819672131147541,0.6950000000000001,2022,4
BEKE,2023Q1,2.110696183823817,1.742166209919645,1.9164905716015996,2.2379206218718686,2.312392939968451,-0.6100106025223382,0.0232843222887286,0.0232843222887286,0.1256601721614598,2.5577183974957842,KE HOLDINGS INC,0.775,0.9770183991906833,1.2969102127150742,1.3129198839933083,-1.225896880559771,-0.691027201117525,7.536554339477727,0.984,2023,1
BEKE,2023Q2,2.110696183823817,1.742166209919645,1.7879346013718203,2.2379206218718686,2.312392939968451,-0.6198409991487391,0.0095521514101061,0.0098421862938232,-0.1426931837737419,-0.6015034961537307,KE HOLDINGS INC,0.881,0.11881732019668796,1.374506467683839,1.2369395051062007,-1.1154925315457165,-0.4848089602771996,7.536554339477727,0.775,2023,2
BEKE,2023Q3,2.110696183823817,1.742166209919645,1.6569898292339664,2.2379206218718686,2.312392939968451,-0.6078448968945208,0.0093954694034189,0.0095720286216599,-0.0486870992266269,-0.025391286885143,KE HOLDINGS INC,0.736,0.04296012140770716,1.5123226617579617,1.2309782255107102,-1.044199191141611,-0.3271126584581272,7.536554339477727,0.881,2023,3
BEKE,2023Q4,2.110696183823817,1.742166209919645,2.138782297230363,2.2379206218718686,2.312392939968451,-0.5999572669013177,0.006923205925306,0.0067882104731211,0.2787858699291137,-0.2582163554410818,KE HOLDINGS INC,0.964,0.3432244987545485,1.6148464062074337,1.218712513679024,-0.989035604562394,-0.2118730532826519,7.536554339477727,0.736,2023,4
BEKE,2024Q1,2.110696183823817,1.4237568319181109,1.6391726928951447,2.2379206218718686,2.312392939968451,-0.5807168429732091,0.0036277232796947,0.0036277232796947,-0.263254945269107,-0.4808982716863862,KE HOLDINGS INC,0.777,0.3432244987545485,1.6678837999851253,1.254695659189155,-0.9514252375895291,-0.17548159901671215,7.536554339477727,0.964,2024,1
BEKE,2024Q2,2.110696183823817,1.742166209919645,2.138782297230363,2.2379206218718686,2.312392939968451,-0.5771183555019286,0.015595470225139,0.0154229236444055,0.4114809120996801,2.5577183974957842,KE HOLDINGS INC,0.84,0.3432244987545485,1.765097242788518,1.2913331888048167,-0.921292353516877,-0.12089441761780315,7.536554339477727,0.777,2024,2
CBRE,2010Q1,-0.7122200906243142,-0.379395747153325,0.20556794741576195,-0.05096381993133848,0.36635925832791766,-0.1619905021453893,-0.0013615029743714,-0.0013615029743714,0.6152873264151972,2.5577183974957842,CBRE GROUP INC,-0.619,-2.1838364049520997,-2.0245818944090717,-1.698579710533629,0.06169651953385514,2.0201361416949863,3.25,,2010,1
CBRE,2010Q2,-0.5190809075279178,1.2877610106233377,0.3193697512039024,-0.02557327491978755,0.3822750045238249,-0.1662140923332758,0.01118338433622,0.0111112237758692,0.1423515157186541,-3.0910274109744433,CBRE GROUP INC,-0.206,-2.1838364049520997,-1.9330228443642254,-1.677551635923029,0.07963561841831322,2.062592838338582,3.25,-0.619,2010,2
CBRE,2010Q3,-0.03322010538722914,1.348782688521671,0.38662924425062417,0.08562320410719228,0.4182940876842111,-0.1883649523168481,0.0115046006569524,0.0112388752612529,0.0804654587902407,0.0410293849242562,CBRE GROUP INC,-0.381,-2.177651748423435,-1.8593519671112795,-1.6572737089455958,0.0930041916309667,2.0747233230938953,3.25,-0.206,2010,3
CBRE,2010Q4,2.110696183823817,1.742166209919645,0.7667262801232957,0.17437471861344248,0.42992545056376896,-0.2079041028060156,0.0190334670061099,0.0185771232560028,0.3041166686937004,0.6680809285038047,CBRE GROUP INC,-1.728,-0.9714527326399565,-1.8087951107562736,-1.6306195270862391,0.10392886274893964,2.0565275959609264,3.25,-0.381,2010,4
CBRE,2011Q1,-0.22635928848362566,0.7334355282559601,0.35996365305475375,0.24234651648441624,0.34772181573688427,-0.2395513111274222,0.0071708181563638,0.0071708181563638,-0.2823182518458229,-0.6387686033801396,CBRE GROUP INC,-0.462,-2.1838364049520997,-1.8317527784787342,-1.6034625867067802,0.1187552021233324,1.9534184755407629,3.25,-1.728,2011,1
CBRE,2019Q3,2.110696183823817,1.742166209919645,2.138782297230363,2.2379206218718686,2.312392939968451,-0.3695233982020541,0.0173170658459362,0.0170600352025823,0.0369312747667029,0.146908564302667,CBRE GROUP INC,-0.065,0.9361422955007461,0.4066597687030698,-0.15915706286430498,1.1570019877990403,0.3158030335734742,5.307692307692308,-0.462,2019,3
CBRE,2019Q4,2.110696183823817,1.742166209919645,2.138782297230363,2.2379206218718686,2.312392939968451,-0.3872344324289216,0.0420521052491084,0.0393659495137306,0.2015671969136054,1.4848810790377205,CBRE GROUP INC,-0.015,0.8374122680363969,0.48776141621555785,-0.08154072371337569,1.2173449317999647,0.21269391315331218,4.834677419354839,-0.065,2019,4
CBRE,2020Q1,1.9763697621764023,1.742166209919645,2.138782297230363,2.2379206218718686,2.312392939968451,-0.3933956086453646,0.010981639084648,0.010981639084648,-0.1728007683786023,-0.7299401836209141,CBRE GROUP INC,-0.023,1.3390182117238343,0.32101703151730404,0.005077387035565382,1.2774992237093705,-0.0723724785965501,4.395161290322581,-0.015,2020,1
CBRE,2020Q2,2.110696183823817,1.742166209919645,2.138782297230363,2.2379206218718686,2.312392939968451,-0.4002474711813332,0.0052195812977654,0.0052162318777071,-0.0862233850350338,-0.5243938558030139,CBRE GROUP INC,-0.064,-0.3514043959641671,-0.612891327639611,0.49368684592863393,-0.36987944019650487,-1.6614659815425858,3.25,-0.023,2020,2
CBRE,2020Q3,2.110696183823817,1.742166209919645,2.138782297230363,2.2379206218718686,2.312392939968451,-0.4033321922526083,0.0115738947196216,0.0112639104387842,0.0490130419981178,1.2483363248959058,CBRE GROUP INC,0.043,0.02342118385157888,0.2385920883335003,0.6739297655320579,-1.308980976683825,-1.3642691050374103,3.25,-0.064,2020,3
CBRE,2020Q4,2.110696183823817,1.742166209919645,2.138782297230363,2.2379206218718686,2.312392939968451,-0.3946466303859335,0.0190834607872711,0.0173935646499393,0.2241500745242548,0.7040221145699823,CBRE GROUP INC,0.039,0.2476960990999482,0.365784825955317,0.8019895428665198,-1.3434357086712785,-1.4431172559469472,3.25,0.043,2020,4
CBRE,2021Q1,0.49740295640610777,1.742166209919645,2.138782297230363,2.2379206218718686,2.312392939968451,-0.4215026174683722,0.0154331380261779,0.0154331380261779,-0.1406008044858108,-0.1515879718897901,CBRE GROUP INC,0.71,-1.3643374166052609,0.5293781805988044,0.9549079359171174,-1.3710818151739048,-1.4916391949682002,3.25,0.039,2021,1
CBRE,2021Q2,2.110696183823817,1.742166209919645,2.138782297230363,2.2379206218718686,2.312392939968451,-0.4182213016633338,0.0247926741699405,0.0239803098348108,0.0875138220529498,0.6627861548748695,CBRE GROUP INC,-0.492,0.47151644981504,0.7180439652579367,1.1370581457793405,-1.3894753940970221,-1.5401611339894532,3.25,0.71,2021,2
CBRE,2021Q3,2.110696183823817,1.742166209919645,2.138782297230363,2.2379206218718686,2.312392939968451,-0.4053225587368907,0.0235802555096339,0.0220848986029651,0.0525985997303135,-0.0155748389764073,CBRE GROUP INC,0.195,-0.15430251486125499,0.8221363771504672,1.245270932010742,-1.4019007068520795,-1.52803064923414,3.25,-0.492,2021,3
CBRE,2021Q4,2.110696183823817,1.742166209919645,2.138782297230363,2.2379206218718686,2.312392939968451,-0.4239527404160945,0.0357106793105091,0.0313494589505574,0.2576942827257353,0.5880737039952448,CBRE GROUP INC,-0.6839999999999999,2.1096336272099108,1.044093404914493,1.3659489374230769,-1.4126796013538803,-1.449182498324603,3.25,0.195,2021,4
CBRE,2022Q1,1.0618695485238658,1.742166209919645,2.138782297230363,2.2379206218718686,2.312392939968451,-0.4389991142285692,0.0185543290801674,0.0185543290801674,-0.1423687843244213,-0.4330902669395021,CBRE GROUP INC,1.163,1.0185264581862958,1.011831011354827,1.4505719746795498,-1.4214604987045898,-1.4431172559469472,3.294354838709677,-0.6839999999999999,2022,1
CIGI,2013Q4,0.7342170568154119,-0.16647135149739675,-0.1532613356271678,-0.4916803986502216,-0.4899931745023062,-0.1718372773051261,0.0008620433189163,0.0008430832879001,0.1472916165728357,0.4200700116686116,COLLIERS INTL GROUP INC,0.215,-0.11586945072598458,-1.206616833087721,-1.1020048545222254,0.4576772596325755,0.9769144527380462,3.25,,2013,4
CIGI,2014Q1,-0.49470631674540283,-0.35911852589440374,-0.5315100275963669,-0.49805596572586974,-0.496650600953829,-0.169547735785271,-0.0041499252237113,-0.0041499252237113,-0.475545943875139,-3.0910274109744433,COLLIERS INTL GROUP INC,0.117,-0.8744413670785932,-1.2420947381212413,-1.0609063405774082,0.4804527121359801,0.8313486356742871,3.25,0.215,2014,1
CIGI,2014Q2,0.4600708694083524,0.008395930095602903,-0.4759406074807859,-0.4941839789677247,-0.4710373419543718,-0.1612445460116198,0.0052169577350815,0.0050411340478285,0.2303934988882137,-2.3025510204081634,COLLIERS INTL GROUP INC,0.095,-0.15173985241397966,-1.109744057604629,-1.0244922591929033,0.5038798718646321,0.8798705746955401,3.25,0.117,2014,2
CIGI,2014Q3,0.7849596993366329,0.46725288881154003,-0.4671056359835194,-0.4985362943275015,-0.4837371745086199,-0.1631856203916313,0.0167295613476277,0.0167263183986097,0.0109924699816839,2.2070766418592505,COLLIERS INTL GROUP INC,0.896,-0.20906629607987592,-0.9836172606098138,-0.9903046798259912,0.5312858757053248,0.910196786583824,3.25,0.095,2014,3
CWK,2016Q4,2.110696183823817,-1.6710303109595501,2.138782297230363,-0.21363537818343814,0.5700700549079983,-0.1036625072598954,-0.0326651296221334,-0.0326651296221334,0.1597787178652783,1.3084577114427858,CUSHMAN & WAKEFIELD,2.818,-0.36948295699167055,-0.47152580235566405,-0.5825116579657692,0.8375025206212012,0.28547682168519173,3.545081967213114,,2016,4
CWK,2017Q1,2.110696183823817,-1.6710303109595501,0.8453994372256239,-0.21363537818343814,0.5700700549079983,-0.1036625072598954,-0.0326651296221334,-0.0326651296221334,-0.17996632996633,-0.3550646551724138,CUSHMAN & WAKEFIELD,-0.0970000000000002,-0.8271351005565172,-0.4178915274774124,-0.5360583667671714,0.866812195567223,0.24908536741925194,3.7983870967741935,2.818,2017,1
CWK,2017Q2,2.110696183823817,-1.4834592280959011,1.0086604519213922,-0.21363537818343814,0.5700700549079983,-0.1036625072598954,-0.0326651296221334,-0.0326651296221334,0.1637582974064189,-0.6048454469507101,CUSHMAN & WAKEFIELD,-0.6459999999999999,-0.48355744898145275,-0.3559174655201242,-0.49749758630477253,0.8882670834299945,0.21269391315331218,4.046153846153846,-0.0970000000000002,2017,2
CWK,2017Q3,2.110696183823817,-1.6710303109595501,1.0437171873550328,-0.21363537818343814,0.5700700549079983,-0.1036625072598954,-0.0326651296221334,-0.0326651296221334,0.0051158414677172,0.6617336152219873,CUSHMAN & WAKEFIELD,0.3169999999999999,-1.0890003496111478,-0.26814455897643774,-0.4629349331212765,0.9087787108351685,0.2308896402862814,4.25,-0.6459999999999999,2017,3
CWK,2017Q4,2.110696183823817,0.4818296864233749,1.2987774099010714,-0.283849796859993,0.5990828082469664,-0.0867383017989272,0.0043291536590834,0.0043291536590834,0.2009009536067394,-1.3193384223918576,CUSHMAN & WAKEFIELD,-1.831,-0.6212620608370437,-0.14170049057444167,-0.4263851867392841,0.9354644066900604,0.28547682168519173,4.294354838709677,0.3169999999999999,2017,4
CWK,2018Q1,0.08978549679590864,-1.6710303109595501,1.1287747153142182,-0.2987734189480412,0.6333728813743158,-0.0816512215669755,-0.0155012636899747,-0.0155012636899747,-0.1388415257952938,-3.0910274109744433,CUSHMAN & WAKEFIELD,3.7975000000000003,-0.14430662390998922,-0.049415025958838024,-0.401845782781942,0.9524602451169233,0.352194487839414,4.528225806451613,-1.831,2018,1
CWK,2018Q2,0.5745589565968567,-1.0735716229958865,1.2519227346580324,-0.3354708503120943,0.6112881734447392,-0.0751877127268373,-0.005466104212465,-0.0055073802315836,0.116875035356678,-0.6499999999999999,CUSHMAN & WAKEFIELD,-2.04,-0.39031656510642404,0.011299651114188777,-0.37192766068890953,0.9822244001016058,0.3825206997276978,4.796875,3.7975000000000003,2018,2
CWK,2018Q3,1.942798067436916,-1.3830231924091427,1.3734976953605937,0.45433942248980314,0.7577775668122699,-0.2189074062558298,-0.0071812496911733,-0.006778185436229,0.0515119282783771,0.3540372670807452,CUSHMAN & WAKEFIELD,-2.5805000000000002,-0.5737851428913459,0.08301554304159435,-0.3388892436536587,1.0104364628787894,0.38858594210535374,5.007936507936508,-2.04,2018,3
CWK,2018Q4,2.110696183823817,-0.688114404954813,1.7048512620074072,0.41437999722672314,0.7861900562890525,-0.2076229758631225,-0.002907904249175,-0.0027497708524289,0.1569845857418113,-0.5871559633027523,CUSHMAN & WAKEFIELD,-2.474,0.30733760095586826,0.09940409486574157,-0.31355979059329897,1.027312249974686,0.37039021497238456,5.278225806451613,-2.5805000000000002,2018,4
CWK,2019Q1,-0.22282542587946924,-0.7668345410336237,1.2232705951209222,0.3901596925264483,0.8265828120152882,-0.1981960491986582,-0.0031159150204994,-0.0031159150204994,-0.2077105624713768,0.1611111111111109,CUSHMAN & WAKEFIELD,-0.075,-0.09536025128292464,0.17174140507088026,-0.2681758587866635,1.0697675456615658,0.34006400308410073,5.5,-2.474,2019,1
DOUG,2019Q4,-0.4774900630328458,0.030111829703550703,0.01802677259225209,-0.5281870033711815,-0.7288241591091503,-0.4160460247192528,0.0173124822198617,0.0173124822198617,0.6152873264151972,-1.048698906160046,DOUGLAS ELLIMAN INC,-2.048,0.8374122680363969,0.48776141621555785,-0.08154072371337569,1.2173449317999647,0.21269391315331218,4.834677419354839,,2019,4
EXPI,2015Q1,-0.8432901484938604,-0.19996812664265629,-0.8533398477837084,-0.694523411768838,-0.8507847701882392,0.7007150153217568,-0.017364657814096,-0.017364657814096,0.6152873264151972,-0.9888524590163934,EXP WORLD HOLDINGS INC,1.135,0.8276322088703078,-0.8354355357597308,-0.8950598712956245,0.5910542883366231,0.728239515254125,3.25,,2015,1
EXPI,2015Q2,-0.8419309705691848,-0.33517674657664126,-0.8453352265263605,-0.6944810058481506,-0.8507565077647278,0.5805860805860805,-0.05427036303242234,-4.576923076923077,0.6152873264151972,2.5577183974957842,EXP WORLD HOLDINGS INC,1.425,-0.1346474345312848,-0.7694579194988861,-0.8703129796950658,0.6164622950262266,0.7585657271424076,3.25,1.135,2015,2
EXPI,2015Q3,-0.8417950527767172,-0.15832788914441637,-0.8505802534816244,-0.6942730537370877,-0.8506099433383776,0.2258641239570918,0.05835261082475349,0.904052443384982,0.3283795881826319,-1.3035214085634252,EXP WORLD HOLDINGS INC,1.171,-0.043810722088286104,-0.72656065684637,-0.8392297346824327,0.6420075032369352,0.7221742728764677,3.25,1.425,2015,3
EXPI,2015Q4,-0.8409342400910894,-0.22890456287024671,-0.8488723612425496,-0.6942958876943809,-0.8507152396242026,0.3237867939538584,-0.05427036303242234,-0.8615751789976134,-0.1354630004043672,-1.7139090309822018,EXP WORLD HOLDINGS INC,1.066,0.28747177628965603,-0.7067095098805496,-0.793374965531574,0.6817273435967882,0.5948041829456792,3.290322580645161,1.171,2015,4
EXPI,2016Q1,-0.8406170985753317,-0.21359485364664352,-0.8487993263770629,-0.6942453267889459,-0.8506394563116016,0.2211538461538461,-0.05427036303242234,-0.3326923076923077,0.0893358278765201,-0.520775623268698,EXP WORLD HOLDINGS INC,1.348,-0.11649452503325952,-0.644234433003291,-0.72626867353896,0.7359390946233393,0.4371078811266068,3.5,1.066,2016,1
EXPI,2016Q2,-0.8367207885245952,-0.21381201264272298,-0.8419419143145146,-0.6937674446827384,-0.8503590830659725,-0.0898918314061917,-0.05427036303242234,-0.19656844461022,0.6152873264151972,0.0154142581888245,EXP WORLD HOLDINGS INC,1.275,0.4995823651491568,-0.6094150373292798,-0.6779719344333227,0.7645198864884929,0.3825206997276978,3.5,1.348,2016,2
EXPI,2016Q3,-0.8307857115868452,-0.2407940179055981,-0.8378991536064941,-0.693128909377004,-0.8501372355469063,-0.2869955156950672,-0.05427036303242234,-0.4262892376681614,0.1982574136349741,1.8861480075901325,EXP WORLD HOLDINGS INC,1.117,-0.8052700172116496,-0.5322490389091021,-0.6317341111719108,0.7976454787402439,0.33399876070644474,3.5,1.275,2016,3
EXPI,2016Q4,-0.8246241049949826,-0.330290669164853,-0.8318125402781598,-0.6927187136442012,-0.8495029567325304,-0.2501638269986894,-0.05427036303242234,-0.7893184796854521,0.1357953820640387,2.167652859960552,EXP WORLD HOLDINGS INC,0.516,-0.36948295699167055,-0.47152580235566405,-0.5825116579657692,0.8375025206212012,0.28547682168519173,3.545081967213114,1.117,2016,4
EXPI,2017Q1,-0.8338665148827764,-0.27822679985479815,-0.8298091377371924,-0.692558875943149,-0.8492118287593704,-0.2370665932856356,-0.05427036303242234,-0.3990093560814529,0.2089627674510024,-0.3980904939809049,EXP WORLD HOLDINGS INC,0.874,-0.8271351005565172,-0.4178915274774124,-0.5360583667671714,0.866812195567223,0.24908536741925194,3.7983870967741935,0.516,2017,1
EXPI,2017Q2,-0.8186437221264102,-0.2577867093488173,-0.8111212010791057,-0.6916128977124312,-0.8478667374881895,-0.2279772260003162,-0.05427036303242234,-0.1697770045864304,0.6152873264151972,-0.2596551724137931,EXP WORLD HOLDINGS INC,1.122,-0.48355744898145275,-0.3559174655201242,-0.49749758630477253,0.8882670834299945,0.21269391315331218,4.046153846153846,0.874,2017,2
EXPI,2017Q3,-0.8050066369488321,-0.3437816717962906,-0.7981423436754523,-0.6910069823456869,-0.8475485976412312,-0.2605259376347176,-0.05427036303242234,-0.3818795803994827,0.2152587157846128,1.4755472752678158,EXP WORLD HOLDINGS INC,1.077,-1.0890003496111478,-0.26814455897643774,-0.4629349331212765,0.9087787108351685,0.2308896402862814,4.25,1.122,2017,3
EXPI,2017Q4,-0.7854797807643268,-0.5189746918834095,-0.7900141249534346,-0.6913046392889731,-0.8473687685925181,-0.2227915556466489,-0.05427036303242234,-0.8040582086493133,0.0179853077767457,1.2142991533396046,EXP WORLD HOLDINGS INC,0.899,-0.6212620608370437,-0.14170049057444167,-0.4263851867392841,0.9354644066900604,0.28547682168519173,4.294354838709677,1.077,2017,4
EXPI,2018Q1,-0.8202747356360208,-0.4898482415342495,-0.7758105290362342,-0.6900675281027672,-0.8455839840422864,-0.2194461029715702,-0.05427036303242234,-0.4912506315160979,0.2848996350364965,-0.0911717223213527,EXP WORLD HOLDINGS INC,1.12,-0.14430662390998922,-0.049415025958838024,-0.401845782781942,0.9524602451169233,0.352194487839414,4.528225806451613,0.899,2018,1
EXPI,2018Q2,-0.805958061496105,-0.25072904197623425,-0.7085959805221196,-0.6825804366060256,-0.8400012800140183,-0.3165736834943529,-0.05427036303242234,-0.0427949380868145,0.6152873264151972,-0.8235789080029918,EXP WORLD HOLDINGS INC,1.318,-0.39031656510642404,0.011299651114188777,-0.37192766068890953,0.9822244001016058,0.3825206997276978,4.796875,1.12,2018,2
EXPI,2018Q3,-0.780269598719737,-0.3251331430079654,-0.6756066935884117,-0.6754970168542886,-0.8387564828298111,-0.461474190458723,-0.05427036303242234,-0.0943123229606081,0.2044859125798592,1.4525702172760997,EXP WORLD HOLDINGS INC,0.571,-0.5737851428913459,0.08301554304159435,-0.3388892436536587,1.0104364628787894,0.38858594210535374,5.007936507936508,1.318,2018,3
EXPI,2018Q4,-0.746788515841896,-0.34117576384333687,-0.6828719772843707,-0.6703308340167047,-0.8370619879688498,-0.518927049385811,-0.05427036303242234,-0.0934534254915303,-0.0434315296751378,0.1277009507346587,EXP WORLD HOLDINGS INC,0.16,0.30733760095586826,0.09940409486574157,-0.31355979059329897,1.027312249974686,0.37039021497238456,5.278225806451613,0.571,2018,4
EXPI,2019Q1,-0.8060033674269276,-0.37041079369053664,-0.674408921794429,-0.6692038151245909,-0.8333708654362939,-0.430032292787944,-0.05427036303242234,-0.0891734179366608,0.044060449314194,0.2063613719103276,EXP WORLD HOLDINGS INC,-0.072,-0.09536025128292464,0.17174140507088026,-0.2681758587866635,1.0697675456615658,0.34006400308410073,5.5,0.16,2019,1
EXPI,2019Q2,-0.7571182680694301,-0.2591168081998041,-0.5557149056319914,-0.6616221258047775,-0.8246617871258093,-0.3761821199905146,-0.0249504343034386,-0.0208299739151055,0.6152873264151972,-0.6512071156289707,EXP WORLD HOLDINGS INC,-0.2369999999999999,1.156217324326888,0.2691106304177275,-0.22629527603279934,1.1013581958959568,0.352194487839414,5.5,-0.072,2019,2
EXPI,2019Q3,-0.6892952896281199,-0.24964324699583684,-0.5390270006749264,-0.6579156852370082,-0.8264710824504136,-0.4501838254015133,-0.0202064036175333,-0.0188102779277123,0.0580191597457864,-0.1589253187613843,EXP WORLD HOLDINGS INC,0.084,0.9361422955007461,0.4066597687030698,-0.15915706286430498,1.1570019877990403,0.3158030335734742,5.307692307692308,-0.2369999999999999,2019,3
EXPI,2019Q4,-0.6169870240353803,-0.17749217054843028,-0.5514406805810437,-0.6522691737977925,-0.8269060236405555,-0.5300875046655331,0.0087516726378037,0.0084083274582175,-0.0289178145786892,-1.4390904168922578,EXP WORLD HOLDINGS INC,0.1169999999999999,0.8374122680363969,0.48776141621555785,-0.08154072371337569,1.2173449317999647,0.21269391315331218,4.834677419354839,0.084,2019,4
EXPI,2020Q1,-0.7821271418834603,-0.19502775948184814,-0.5534429595086958,-0.6491115637035344,-0.8233512110267042,-0.4969954366782632,0.0014909863100347,0.0014909863100347,-0.0094810943766673,-0.7965474722564735,EXP WORLD HOLDINGS INC,0.203,1.3390182117238343,0.32101703151730404,0.005077387035565382,1.2774992237093705,-0.0723724785965501,4.395161290322581,0.1169999999999999,2020,1
EXPI,2020Q2,-0.7405362973883883,0.025117172793722727,-0.4703686090508044,-0.6307367520703157,-0.8122938504653613,-0.5006101694915254,0.05835261082475349,0.0534301856335754,0.3024968591229122,2.5577183974957842,EXP WORLD HOLDINGS INC,0.543,-0.3514043959641671,-0.612891327639611,0.49368684592863393,-0.36987944019650487,-1.6614659815425858,3.25,0.203,2020,2
EXPI,2020Q3,-0.6762924874820572,0.20685210763773593,-0.24170768134493856,-0.6042077711880044,-0.7929540991555708,-0.4740008613264427,0.05835261082475349,0.0644702842377261,0.5954090941234711,0.8090634441087614,EXP WORLD HOLDINGS INC,0.0459999999999999,0.02342118385157888,0.2385920883335003,0.6739297655320579,-1.308980976683825,-1.3642691050374103,3.25,0.543,2020,3
EXPI,2020Q4,-0.5519277073742438,0.010078912315218866,-0.18272472397783834,-0.5784999972697731,-0.7904562511590512,-0.5846184972768975,0.0417392526560052,0.0318803238819589,0.0803255930229052,-0.4842351369405477,EXP WORLD HOLDINGS INC,0.24,0.2476960990999482,0.365784825955317,0.8019895428665198,-1.3434357086712785,-1.4431172559469472,3.25,0.0459999999999999,2020,4
EXPI,2021Q1,-0.7412611922815485,-0.06796260190084355,-0.20821951009929032,-0.5776632958346727,-0.7765964086911296,-0.4792071289843482,0.0162834927184629,0.0162834927184629,-0.041831740852948,-0.3723610931226525,EXP WORLD HOLDINGS INC,0.439,-1.3643374166052609,0.5293781805988044,0.9549079359171174,-1.3710818151739048,-1.4916391949682002,3.25,0.24,2021,1
EXPI,2021Q2,-0.5893957121644665,0.8062109368170951,0.24602701566879162,-0.5543530874322261,-0.7522026857716793,-0.4332631461731969,0.05835261082475349,0.0937656592447119,0.6152873264151972,2.5577183974957842,EXP WORLD HOLDINGS INC,0.361,0.47151644981504,0.7180439652579367,1.1370581457793405,-1.3894753940970221,-1.5401611339894532,3.25,0.439,2021,2
EXPI,2021Q3,-0.42855965774452576,0.4471113919251685,0.37608750412759795,-0.5401870634272269,-0.7555794201064155,-0.4941082139123189,0.05835261082475349,0.0624186063574166,0.1106054984213216,-0.3570580296896085,EXP WORLD HOLDINGS INC,0.734,-0.15430251486125499,0.8221363771504672,1.245270932010742,-1.4019007068520795,-1.52803064923414,3.25,0.361,2021,3
EXPI,2021Q4,-0.23537516871730685,0.22132032575153113,0.34920056110863706,-0.5124886577321144,-0.7475276307250242,-0.5377453325793932,0.0416692704921062,0.0374626050562313,-0.0301761400475469,-0.3491876915326812,EXP WORLD HOLDINGS INC,0.472,2.1096336272099108,1.044093404914493,1.3659489374230769,-1.4126796013538803,-1.449182498324603,3.25,0.734,2021,4
EXPI,2022Q1,-0.6313036981752961,0.04159411162125311,0.27126786518101287,-0.4945436137950925,-0.7254394212562516,-0.4869916756283108,0.0176882941012466,0.0176882941012466,-0.0615049629980408,-0.4270786299425918,EXP WORLD HOLDINGS INC,0.3989999999999999,1.0185264581862958,1.011831011354827,1.4505719746795498,-1.4214604987045898,-1.4431172559469472,3.294354838709677,0.472,2022,1
EXPI,2022Q2,-0.47758067489449085,0.05454221676249199,0.7169502102607869,-0.4853007540821997,-0.7241115875711086,-0.504231952373539,0.0185402178510265,0.018443232718953,0.4000362114153024,0.0537041206935375,EXP WORLD HOLDINGS INC,0.308,1.4819794976177865,1.020602766878533,1.4578420224860993,-1.4260567496616017,-1.2854209541278747,3.928571428571429,0.3989999999999999,2022,2
EXPI,2022Q3,-0.42570538410270714,-0.08001492618325458,0.5317787359189934,-0.4851449938735211,-0.7407644077677911,-0.5808168903546874,0.0091047229285135,0.0099848707206481,-0.124436419657117,-0.5296506036969761,EXP WORLD HOLDINGS INC,0.377,2.1096336272099108,1.1048063700914394,1.4328557220664442,-1.3893467676709883,-1.121659409931145,5.373076923076923,0.308,2022,3
EXPI,2022Q4,-0.2975349058058022,-0.3949769051220275,0.20058022790967434,-0.49172688206328274,-0.7555671647192291,-0.6497345958153645,-0.0157215231603732,-0.0188664909532018,-0.2466393591476825,-2.635847342117219,EXP WORLD HOLDINGS INC,0.1019999999999999,1.6357088507428188,1.2090465756790425,1.3716468673175612,-1.321217637347363,-0.9033106843355078,6.819672131147541,0.377,2022,4
EXPI,2023Q1,-0.7786385852101265,-0.16006516111305216,0.09322122287078058,-0.4883874158091539,-0.7471507150415602,-0.6069515304586921,0.0034983976712661,0.0034983976712661,-0.091003272998034,-1.2017775308984864,EXP WORLD HOLDINGS INC,0.273,0.9770183991906833,1.2969102127150742,1.3129198839933083,-1.225896880559771,-0.691027201117525,7.536554339477727,0.1019999999999999,2023,1
EXPI,2023Q2,-0.6879814176342669,0.0562523438566179,0.5085412889477394,-0.48411991229075185,-0.7302810495246631,-0.5329941878529025,0.0209817228305951,0.0195160548653429,0.4510126076518086,2.5577183974957842,EXP WORLD HOLDINGS INC,0.352,0.11881732019668796,1.374506467683839,1.2369395051062007,-1.1154925315457165,-0.4848089602771996,7.536554339477727,0.273,2023,2
EXPI,2023Q3,-0.6535489102091528,-0.1628882280620854,0.4981995519948156,-0.49014970801310315,-0.7452676372838956,-0.5910344273072539,0.0030636415319873,0.0031901660589033,-0.0148832441459619,-0.85682445340692,EXP WORLD HOLDINGS INC,0.497,0.04296012140770716,1.5123226617579617,1.2309782255107102,-1.044199191141611,-0.3271126584581272,7.536554339477727,0.352,2023,3
FSV,2013Q4,-0.08491417245572284,0.36605679663850327,0.22261765586031518,-0.5572375055374408,-0.6983882801969173,-0.2747187025333567,0.0341391158730913,0.0341391158730913,-0.0858958625835953,0.6809197256958452,FIRSTSERVICE CORP,-1.286,-0.11586945072598458,-1.206616833087721,-1.1020048545222254,0.4576772596325755,0.9769144527380462,3.25,,2013,4
FSV,2014Q1,-0.08491417245572284,-0.25805815809391663,-0.5897547710153933,-0.5572375055374408,-0.6983882801969173,-0.2747187025333567,0.0341391158730913,0.0341391158730913,-0.0498272546842417,-1.1035277177825773,FIRSTSERVICE CORP,-1.003,-0.8744413670785932,-1.2420947381212413,-1.0609063405774082,0.4804527121359801,0.8313486356742871,3.25,-1.286,2014,1
FSV,2014Q2,-0.08491417245572284,0.07541662526063182,-0.5567778438281524,-0.5572375055374408,-0.6983882801969173,-0.2747187025333567,0.0341391158730913,0.0341391158730913,0.1897888384895396,-3.0910274109744433,FIRSTSERVICE CORP,-1.0750000000000002,-0.15173985241397966,-1.109744057604629,-1.0244922591929033,0.5038798718646321,0.8798705746955401,3.25,-1.003,2014,2
FSV,2014Q3,-0.08491417245572284,0.033884967260431664,-0.5379022637464305,-0.5572375055374408,-0.6983882801969173,-0.2747187025333567,0.0341391158730913,0.0341391158730913,0.067842781608802,-0.1510663507109003,FIRSTSERVICE CORP,-1.012,-0.20906629607987592,-0.9836172606098138,-0.9903046798259912,0.5312858757053248,0.910196786583824,3.25,-1.0750000000000002,2014,3
FSV,2014Q4,0.17310310357852013,-0.29720106713724254,-0.5548160149798468,-0.5653199109207547,-0.6970759533282143,-0.2562757495808586,-0.0058468606630882,-0.0058468606630882,-0.0956802092113233,-1.4185857176087462,FIRSTSERVICE CORP,-1.736,0.23508230755040868,-0.9304971251881632,-0.9509618305545454,0.5530751922757883,0.8374138780519443,3.25,-1.012,2014,4
FSV,2015Q1,0.17310310357852013,-0.28938334327838133,-0.5610981370250226,-0.5653199109207547,-0.6970759533282143,-0.2562757495808586,-0.0058468606630882,-0.0058468606630882,-0.0353859675235845,-0.0800222283967769,FIRSTSERVICE CORP,-2.237,0.8276322088703078,-0.8354355357597308,-0.8950598712956245,0.5910542883366231,0.728239515254125,3.25,-1.736,2015,1
FSV,2015Q2,-0.3720178560780227,0.0007410754838013021,-0.5264155648253372,-0.5714850793899157,-0.6993712122712463,-0.2476866320231807,0.0121658995294928,0.0121658995294928,0.1986193417074164,-3.0910274109744433,FIRSTSERVICE CORP,-0.986,-0.1346474345312848,-0.7694579194988861,-0.8703129796950658,0.6164622950262266,0.7585657271424076,3.25,-2.237,2015,2
FSV,2015Q3,-0.19604962076336074,0.18228599620624494,-0.5078321242055622,-0.555731279854565,-0.6981274155268092,-0.2772712402263879,0.0231007951830777,0.0230068374390682,0.071337712374828,0.9066015995662192,FIRSTSERVICE CORP,-1.096,-0.043810722088286104,-0.72656065684637,-0.8392297346824327,0.6420075032369352,0.7221742728764677,3.25,-0.986,2015,3
FSV,2015Q4,0.04873832347070675,-0.11090579337556035,-0.5265166900237035,-0.5585700300451932,-0.7008428591733712,-0.2764874276207653,0.005385575764909,0.0054356243224204,-0.0955954509691723,-0.7679345894063278,FIRSTSERVICE CORP,-1.668,0.28747177628965603,-0.7067095098805496,-0.793374965531574,0.6817273435967882,0.5948041829456792,3.290322580645161,-1.096,2015,4
FSV,2016Q1,-0.5309057554725951,-0.24448572083894926,-0.5248020561047376,-0.5606805400978636,-0.6977472484140917,-0.266680808014881,-0.0027037169989883,-0.0027037169989883,-0.0269714531558434,-1.5076593137254903,FIRSTSERVICE CORP,-1.017,-0.11649452503325952,-0.644234433003291,-0.72626867353896,0.7359390946233393,0.4371078811266068,3.5,-1.668,2016,1
HOUS,2010Q1,-0.4357633007453062,-1.6710303109595501,0.04280244619198838,-1.6546211830785884,1.1706090380303786,0.1457379685760237,-0.0243721390572807,-0.0243721390572807,0.6152873264151972,2.5577183974957842,ANYWHERE REAL ESTATE INC,-0.105,-2.1838364049520997,-2.0245818944090717,-1.698579710533629,0.06169651953385514,2.0201361416949863,3.25,,2010,1
HOUS,2010Q2,0.10790786912491598,1.742166209919645,0.29898628205320765,-1.4703185277835664,1.1968705820009962,0.1162677088422081,0.0272878126728535,0.0271128480703468,0.5299145299145298,-2.1269035532994924,ANYWHERE REAL ESTATE INC,0.126,-2.1838364049520997,-1.9330228443642254,-1.677551635923029,0.07963561841831322,2.062592838338582,3.25,-0.105,2010,2
HOUS,2010Q3,0.6515790389951382,-1.0952875226038343,0.14505125787343992,-1.4947834820262684,1.1903677234939862,0.1203136486155354,-0.004051897024516,-0.0040431266846361,-0.1604150039904229,-1.148648648648649,ANYWHERE REAL ESTATE INC,0.47,-2.177651748423435,-1.8593519671112795,-1.6572737089455958,0.0930041916309667,2.0747233230938953,3.25,0.126,2010,3
HOUS,2010Q4,1.3764739321554345,-1.6710303109595501,0.11808453830910107,-1.5689938432291313,1.1571031011312038,0.1336405529953917,-0.0112131107140656,-0.011333914559721,-0.0817490494296577,1.7575757575757578,ANYWHERE REAL ESTATE INC,0.334,-0.9714527326399565,-1.8087951107562736,-1.6306195270862391,0.10392886274893964,2.0565275959609264,3.25,0.47,2010,4
HOUS,2011Q1,-0.3451514391002692,-1.6710303109595501,0.04842051276789231,-1.7524810000493964,1.128090347792236,0.1640338683179578,-0.0299507140149121,-0.0299507140149121,-0.139751552795031,1.6043956043956045,ANYWHERE REAL ESTATE INC,0.1339999999999999,-2.1838364049520997,-1.8317527784787342,-1.6034625867067802,0.1187552021233324,1.9534184755407629,3.25,0.334,2011,1
HOUS,2011Q2,0.28913159241499004,-0.796693902994552,0.270895949173688,-1.7679754710697744,1.1448477139449156,0.1650375939849624,-0.0027685144403196,-0.0027568922305764,0.4187725631768952,-0.9071729957805909,ANYWHERE REAL ESTATE INC,-0.1289999999999999,-1.4301842798258724,-1.7664256827290146,-1.5564905764001407,0.1530127069241985,1.862439839875914,3.25,0.1339999999999999,2011,2
HOUS,2011Q3,0.8328027622852123,-0.9595631500541605,0.24168200297898756,-1.790809428362963,1.1240885887109988,0.170317842218564,-0.003530895334174,-0.0035456502469292,-0.020356234096692,0.2727272727272727,ANYWHERE REAL ESTATE INC,0.06,-1.134725495377871,-1.7685946550647957,-1.468763204789389,0.2104572687917827,1.5167210243494855,3.25,-0.1289999999999999,2011,3
HOUS,2011Q4,1.3764739321554345,-1.6710303109595501,0.10123033858138927,-1.9172116919502569,0.9872784501212102,0.2040816326530612,-0.0197816313423249,-0.0209523809523809,-0.1965367965367965,2.5577183974957842,ANYWHERE REAL ESTATE INC,0.301,-1.5560415442793625,-1.6594498672025213,-1.430761044904881,0.23030003878157088,1.4742643277058898,3.25,0.06,2011,4
HOUS,2012Q1,-0.4357633007453062,-1.6710303109595501,0.09561227200548533,-2.0721564021540364,0.9840270208677051,0.2303393757666621,-0.0261687338149107,-0.0261687338149107,-0.0571120689655172,0.2467532467532467,ANYWHERE REAL ESTATE INC,0.283,-1.9105593480869563,-1.577035195395209,-1.3897742550756425,0.2605786994703966,1.443938115817606,3.25,0.301,2012,1
HOUS,2012Q2,0.01729600747987894,-0.8781285265243562,0.3989878671042976,-2.0909128670734414,0.9902797694321379,0.232681336593317,-0.0034015919450302,-0.0033958163542515,0.496,-0.8697916666666666,ANYWHERE REAL ESTATE INC,0.39,-1.5295517523231297,-1.5328026537988035,-1.3533122919273182,0.2884306082546801,1.3772204496633838,3.25,0.283,2012,2
HOUS,2012Q3,0.6968849698176567,-1.122432397113769,0.36415585433369324,-2.1153778213161436,0.9875285600637874,0.2371105971976601,-0.004625850340136,-0.0046252210583594,-0.0213903743315507,0.3600000000000001,ANYWHERE REAL ESTATE INC,0.395,-1.7534456818890483,-1.5184655241128118,-1.3083912171709344,0.31209787064526634,1.255915602110251,3.25,0.39,2012,3
HOUS,2012Q4,1.6030035862680272,-1.6710303109595501,0.37426837417032033,0.5439627048655683,1.0110388946660547,-0.2038952316991269,-0.0395999321918969,-0.0392209536601746,-0.057767369242779,2.5577183974957842,ANYWHERE REAL ESTATE INC,0.287,-0.272840919719759,-1.506937615897235,-1.2533032478969404,0.34845627373804994,1.1042845426688361,3.25,0.395,2012,4
HOUS,2013Q1,-0.2998455082777507,-1.6710303109595501,0.15179293776452465,0.4819848207840565,1.0035355963887354,-0.1944706675657451,-0.0101146325016857,-0.0101146325016857,-0.2071251035625517,-0.7431506849315068,ANYWHERE REAL ESTATE INC,0.397,-1.6617697509863234,-1.408476200850129,-1.2151494624270045,0.38088728328920746,1.0860888155358654,3.25,0.287,2013,1
HOUS,2013Q2,0.1532137999474345,1.742166209919645,0.5978674238912968,0.5659811636840002,0.9745228430497673,-0.2116728318947801,0.011417697431018,0.011508425811755,0.6018808777429467,-2.12,ANYWHERE REAL ESTATE INC,0.401,-1.3898718271873713,-1.3815018542874835,-1.1879925220475456,0.39913508559615213,1.0315016341369565,3.25,0.397,2013,2
HOUS,2013Q3,0.9687205547527679,1.742166209919645,0.6001146505216584,0.6695494699781055,0.945259979768222,-0.2328042328042328,0.0149342345633905,0.0151768309663046,0.0130463144161774,0.2976190476190476,ANYWHERE REAL ESTATE INC,0.411,-1.3932857132616863,-1.29546252784274,-1.1525839577032437,0.4260608841129778,1.0254363917592992,3.25,0.401,2013,3
HOUS,2013Q4,1.9654510328481754,1.742166209919645,0.3765156008006819,0.9468189513953952,0.9812758114993547,-0.2746382746382746,0.043802614468551,0.0436800436800436,-0.1976819059884095,1.9357798165137616,ANYWHERE REAL ESTATE INC,0.399,-0.11586945072598458,-1.206616833087721,-1.1020048545222254,0.4576772596325755,0.9769144527380462,3.25,0.411,2013,4
HOUS,2014Q1,-0.25453957745523215,-1.448170891232986,0.21808612336019104,0.9158300093546392,0.956514927184201,-0.2731423827314238,-0.0063650200636502,-0.0063650200636502,-0.1918138041733547,-1.14375,ANYWHERE REAL ESTATE INC,0.6809999999999999,-0.8744413670785932,-1.2420947381212413,-1.0609063405774082,0.4804527121359801,0.8313486356742871,3.25,0.399,2014,1
JLL,2010Q1,-0.640636719924735,-0.19282902464654342,-0.24615269561979378,0.4196171284316109,-0.10525355181459572,-0.4579533186911365,8.250069672844493e-05,8.250069672844493e-05,0.6152873264151972,-2.0789473684210527,JONES LANG LASALLE INC,-0.315,-2.1838364049520997,-2.0245818944090717,-1.698579710533629,0.06169651953385514,2.0201361416949863,3.25,,2010,1
JLL,2010Q2,-0.224728274974015,0.6685049884281963,-0.18141571446565277,0.4276008584994793,-0.10891891302306626,-0.463514673062055,0.0107505029054799,0.0107770518256987,0.1716282450031172,2.5577183974957842,JONES LANG LASALLE INC,-0.37,-2.1838364049520997,-1.9330228443642254,-1.677551635923029,0.07963561841831322,2.062592838338582,3.25,-0.315,2010,2
NMRK,2015Q4,-0.2938198194783558,-0.27559374702733447,0.42644785291400095,-0.0390909776373552,-0.4363648507248218,-0.4843594120379026,-0.0016906624525764,-0.0016906624525764,0.6152873264151972,0.6353558926487748,NEWMARK GROUP INC,-0.584,0.28747177628965603,-0.7067095098805496,-0.793374965531574,0.6817273435967882,0.5948041829456792,3.290322580645161,,2015,4
NMRK,2016Q1,-0.2938198194783558,-0.27559374702733447,0.42644785291400095,-0.0390909776373552,-0.4363648507248218,-0.4843594120379026,-0.0016906624525764,-0.0016906624525764,0.0,0.0,NEWMARK GROUP INC,-0.475,-0.11649452503325952,-0.644234433003291,-0.72626867353896,0.7359390946233393,0.4371078811266068,3.5,-0.584,2016,1
NMRK,2016Q2,-0.2938198194783558,-0.27559374702733447,0.42644785291400095,-0.0390909776373552,-0.4363648507248218,-0.4843594120379026,-0.0016906624525764,-0.0016906624525764,0.0,0.0,NEWMARK GROUP INC,-0.431,0.4995823651491568,-0.6094150373292798,-0.6779719344333227,0.7645198864884929,0.3825206997276978,3.5,-0.475,2016,2
NMRK,2016Q3,-0.2938198194783558,-0.27559374702733447,0.42644785291400095,-0.0390909776373552,-0.4363648507248218,-0.4843594120379026,-0.0016906624525764,-0.0016906624525764,0.0,0.0,NEWMARK GROUP INC,-0.526,-0.8052700172116496,-0.5322490389091021,-0.6317341111719108,0.7976454787402439,0.33399876070644474,3.5,-0.431,2016,3
NMRK,2016Q4,0.39152299607388197,1.742166209919645,0.40519021260409555,0.10749405770169311,-0.21707895769062416,-0.3877333226022295,0.05835261082475349,0.0664385518059816,0.124754321402178,-3.0910274109744433,NEWMARK GROUP INC,-0.359,-0.36948295699167055,-0.47152580235566405,-0.5825116579657692,0.8375025206212012,0.28547682168519173,3.545081967213114,-0.526,2016,4
NMRK,2017Q1,0.39152299607388197,0.7970088243582273,-0.5456405886480805,0.10749405770169311,-0.21707895769062416,-0.3877333226022295,0.05835261082475349,0.0664385518059816,-0.475545943875139,-0.7820024821705335,NEWMARK GROUP INC,-0.517,-0.8271351005565172,-0.4178915274774124,-0.5360583667671714,0.866812195567223,0.24908536741925194,3.7983870967741935,-0.359,2017,1
NMRK,2017Q2,0.39152299607388197,1.2973974410743647,-0.490981295317796,0.10749405770169311,-0.21707895769062416,-0.3877333226022295,0.05835261082475349,0.0664385518059816,0.2179582779585185,0.5021383236632073,NEWMARK GROUP INC,-0.511,-0.48355744898145275,-0.3559174655201242,-0.49749758630477253,0.8882670834299945,0.21269391315331218,4.046153846153846,-0.517,2017,2
NMRK,2017Q3,-0.2394527024913335,1.742166209919645,-0.4682292492987002,0.3576506613287458,-0.21577138291082995,-0.5077081289302481,0.0389016802130464,0.0389016802130464,-0.0169106156698456,0.7917671593072808,NEWMARK GROUP INC,-2.004,-1.0890003496111478,-0.26814455897643774,-0.4629349331212765,0.9087787108351685,0.2308896402862814,4.25,-0.511,2017,3
NMRK,2017Q4,0.020422116706632677,-1.452812664774185,-0.38242788932486504,-0.5134794883789439,-0.28252797757419734,-0.0973679359544427,-0.0191862616543003,-0.0203127399079721,0.1565839069260537,-1.467284706549131,NEWMARK GROUP INC,-0.436,-0.6212620608370437,-0.14170049057444167,-0.4263851867392841,0.9354644066900604,0.28547682168519173,4.294354838709677,-2.004,2017,4
NMRK,2018Q1,-0.7658623127181763,0.3433093917991779,-0.4521211288122685,-0.26127924557415083,-0.08640601687179734,-0.1735528188018252,0.0065410594835058,0.0065410594835058,-0.065387688459668,-1.4331073617638777,NEWMARK GROUP INC,-0.391,-0.14430662390998922,-0.049415025958838024,-0.401845782781942,0.9524602451169233,0.352194487839414,4.528225806451613,-0.436,2018,1
NMRK,2018Q2,-0.4299641416000239,-0.1794466015131456,-0.38500770549652014,-0.07712501100153456,-0.141432955448174,-0.2666048438233022,0.0002507511932312,0.0002604736673106,0.0840008363146402,-0.9630444566685002,NEWMARK GROUP INC,-0.179,-0.39031656510642404,0.011299651114188777,-0.37192766068890953,0.9822244001016058,0.3825206997276978,4.796875,-0.391,2018,2
NMRK,2018Q3,-0.3548469082962882,1.6527781381584303,-0.38190540913330595,0.11117766431216923,0.0796529788427525,-0.2653251973747505,0.0212899475767111,0.0183378866537636,0.1118471386720214,2.5577183974957842,NEWMARK GROUP INC,-0.495,-0.5737851428913459,0.08301554304159435,-0.3388892436536587,1.0104364628787894,0.38858594210535374,5.007936507936508,-0.179,2018,3
NMRK,2018Q4,0.1086327640180762,0.28255916264594394,-0.2508505228905646,0.16703849433453083,0.012889381100992994,-0.3056603970230652,0.0054352333747017,0.0051413412881927,0.2175791090748233,-0.7397452994709615,NEWMARK GROUP INC,-0.19,0.30733760095586826,0.09940409486574157,-0.31355979059329897,1.027312249974686,0.37039021497238456,5.278225806451613,-0.495,2018,4
NMRK,2019Q1,-0.574580672785503,0.2593502949399497,-0.4394051969243675,0.13767973374481363,0.01264952566606128,-0.2953198745047344,0.0048951725328231,0.0048951725328231,-0.2913370619495924,-0.0481446027366405,NEWMARK GROUP INC,0.076,-0.09536025128292464,0.17174140507088026,-0.2681758587866635,1.0697675456615658,0.34006400308410073,5.5,-0.19,2019,1
NMRK,2019Q2,-0.356930981114124,0.4158133516152136,-0.3346630872965298,0.1337694185583551,0.02607042518475984,-0.289433732418022,0.0065137406940403,0.0064639058667331,0.2319236199224403,0.3409843823946994,NEWMARK GROUP INC,0.239,1.156217324326888,0.2691106304177275,-0.22629527603279934,1.1013581958959568,0.352194487839414,5.5,0.076,2019,2
NMRK,2019Q3,0.21877148184761877,1.742166209919645,-0.3054412758086231,0.10352258012962781,0.045284371193433905,-0.2728795539780337,0.0252371645117062,0.0247505357621216,0.0637486898842747,2.5577183974957842,NEWMARK GROUP INC,0.37,0.9361422955007461,0.4066597687030698,-0.15915706286430498,1.1570019877990403,0.3158030335734742,5.307692307692308,0.239,2019,3
NMRK,2019Q4,0.7207158894303016,-0.4971502127774219,-0.1987350901058494,0.07229877452814194,-0.0502778857764474,-0.2934861611338584,-0.003190900767424,-0.0034248511446936,0.0779532042125072,-1.12362172766015,NEWMARK GROUP INC,-0.257,0.8374122680363969,0.48776141621555785,-0.08154072371337569,1.2173449317999647,0.21269391315331218,4.834677419354839,0.37,2019,4
NMRK,2020Q1,-0.397298565476988,0.022592699464298795,-0.38119977997137244,0.05623997856323232,0.12095688508979731,-0.2367156197627679,0.0021053785448494,0.0021053785448494,-0.2347287321858929,-1.7461924304605565,NEWMARK GROUP INC,0.3319999999999999,1.3390182117238343,0.32101703151730404,0.005077387035565382,1.2774992237093705,-0.0723724785965501,4.395161290322581,-0.257,2020,1
NMRK,2020Q2,-0.3008875446866686,-0.19106460780339768,-0.5131670402260406,0.026783358156544326,0.18248418107375833,-0.2138821626440684,7.75708597956594e-05,7.52618798820397e-05,-0.2070816027111359,-0.9619897335614764,NEWMARK GROUP INC,0.404,-0.3514043959641671,-0.612891327639611,0.49368684592863393,-0.36987944019650487,-1.6614659815425858,3.25,0.3319999999999999,2020,2
NMRK,2020Q3,-0.1103761055779783,1.742166209919645,-0.4410501668177922,0.031109577565128763,0.31913775083949375,-0.19003862684061,0.0178028235925295,0.0161047763738476,0.1360586056911734,2.5577183974957842,NEWMARK GROUP INC,0.453,0.02342118385157888,0.2385920883335003,0.6739297655320579,-1.308980976683825,-1.3642691050374103,3.25,0.404,2020,3
NMRK,2020Q4,0.04565752017477559,-0.3021414342980507,-0.30563453729883416,0.05641449523683031,0.14502071299498803,-0.2310504839985436,-0.0009067397973936,-0.0009494155607728,0.3796547571256523,-1.0501804958326697,NEWMARK GROUP INC,0.32,0.2476960990999482,0.365784825955317,0.8019895428665198,-1.3434357086712785,-1.4431172559469472,3.25,0.453,2020,4
NMRK,2021Q1,-0.7328342891485601,0.6991244068754026,-0.3902010462392857,0.09680287269763231,0.14959347307512907,-0.2423738349947372,0.0082747336550577,0.0082747336550577,-0.1620249207716327,-3.0910274109744433,NEWMARK GROUP INC,0.383,-1.3643374166052609,0.5293781805988044,0.9549079359171174,-1.3710818151739048,-1.4916391949682002,3.25,0.32,2021,1
NMRK,2021Q2,-0.5670145823381424,1.742166209919645,0.2085567588341428,0.5865480352173651,0.3080036065257796,-0.3388407013667177,0.05835261082475349,0.09489317763231,0.2497936426048652,2.5577183974957842,NEWMARK GROUP INC,0.244,0.47151644981504,0.7180439652579367,1.1370581457793405,-1.3894753940970221,-1.5401611339894532,3.25,0.383,2021,2
NMRK,2021Q3,-0.332375166608319,1.742166209919645,-0.1422589140449175,0.629363336139043,0.48284796408330005,-0.3042699785211971,0.0276093351421353,0.0241036982729767,0.2512498590981327,-0.7076731007131423,NEWMARK GROUP INC,0.121,-0.15430251486125499,0.8221363771504672,1.245270932010742,-1.4019007068520795,-1.52803064923414,3.25,0.244,2021,3
NMRK,2021Q4,0.0499615836029148,1.742166209919645,-0.004075824930669212,0.6623673749109229,0.45359410475968753,-0.3188514016235187,0.031136048770149,0.0286281145991115,0.2491226022235024,0.1616582003749542,NEWMARK GROUP INC,0.075,2.1096336272099108,1.044093404914493,1.3659489374230769,-1.4126796013538803,-1.449182498324603,3.25,0.121,2021,4
NMRK,2022Q1,-0.4507595638475599,-0.18968021920339098,-0.2482684594922791,0.6245845150769687,0.25956956603574094,-0.3641216959385142,8.152337919361216e-05,8.152337919361216e-05,-0.3110508641232913,-0.9975758387464004,NEWMARK GROUP INC,0.071,1.0185264581862958,1.011831011354827,1.4505719746795498,-1.4214604987045898,-1.4431172559469472,3.294354838709677,0.075,2022,1
NMRK,2022Q2,-0.04934901676004581,1.1175355025715368,-0.17388975248057176,0.5455937018150818,0.30322550618278266,-0.3293614223733047,0.0107159954215341,0.0105133466132436,0.1136827733849172,2.5577183974957842,NEWMARK GROUP INC,-0.216,1.4819794976177865,1.020602766878533,1.4578420224860993,-1.4260567496616017,-1.2854209541278747,3.928571428571429,0.071,2022,2
NMRK,2022Q3,0.9694001437151056,0.5596540416433579,-0.23109065912979523,0.5155132250752049,0.33466757739400405,-0.3128467839375755,0.0060814841021825,0.0058993347823445,-0.1200844109766042,-0.4235866361631526,NEWMARK GROUP INC,-0.212,2.1096336272099108,1.1048063700914394,1.4328557220664442,-1.3893467676709883,-1.121659409931145,5.373076923076923,-0.216,2022,3
NMRK,2022Q4,1.9740138537736314,-0.02504655530063672,-0.2679934912402779,0.5487456034200165,0.13459337937899743,-0.3866932740621794,0.0014494078953377,0.0016309040974086,-0.0863075983305398,-0.7701934422712482,NEWMARK GROUP INC,-0.351,1.6357088507428188,1.2090465756790425,1.3716468673175612,-1.321217637347363,-0.9033106843355078,6.819672131147541,-0.212,2022,4
NMRK,2023Q1,-0.020126691379521378,-0.4804561149538121,-0.30717388754063185,0.5307850650119742,0.26148415764617017,-0.3376365948689541,-0.0023268367003522,-0.0023268367003522,-0.1424099512252957,-2.6103936517815467,NEWMARK GROUP INC,3.7975000000000003,0.9770183991906833,1.2969102127150742,1.3129198839933083,-1.225896880559771,-0.691027201117525,7.536554339477727,-0.351,2023,1
NMRK,2023Q2,0.680302999136615,-0.02499226555161683,-0.2753834960142219,0.5245619961511057,0.3817762852983256,-0.3031432387864938,0.0013712048057219,0.0013043065447014,0.1248946330542111,-1.6211594202898552,NEWMARK GROUP INC,3.7975000000000003,0.11881732019668796,1.374506467683839,1.2369395051062007,-1.1154925315457165,-0.4848089602771996,7.536554339477727,3.7975000000000003,2023,2
NMRK,2023Q3,1.141834516425611,0.07053054784884358,-0.25348876695460915,0.5272417241391564,0.2581466905724185,-0.3376727688451786,0.0021607438797385,0.0022431904355482,0.0519575177009579,0.5473635090993934,NEWMARK GROUP INC,3.7975000000000003,0.04296012140770716,1.5123226617579617,1.2309782255107102,-1.044199191141611,-0.3271126584581272,7.536554339477727,3.7975000000000003,2023,3
NMRK,2023Q4,1.6646649581174746,0.7925842098131081,-0.13972628963249997,0.5926332848359998,0.267355738658115,-0.3528246758692407,0.007995849806533,0.0081734064619289,0.2128226804893207,2.5577183974957842,NEWMARK GROUP INC,3.7975000000000003,0.3432244987545485,1.6148464062074337,1.218712513679024,-0.989035604562394,-0.2118730532826519,7.536554339477727,3.7975000000000003,2023,4
NMRK,2024Q1,-0.5244723132957975,-0.6407194540604668,-0.2698609365701083,0.57013857490831,0.2549370296793238,-0.3505484719088215,-0.0036757771846721,-0.0036757771846721,-0.2688409267876303,-1.4447302177957757,NEWMARK GROUP INC,3.7975000000000003,0.3432244987545485,1.6678837999851253,1.254695659189155,-0.9514252375895291,-0.17548159901671215,7.536554339477727,3.7975000000000003,2024,1
NMRK,2024Q2,-0.10466755829434092,0.18814928910039086,-0.23470757039136225,0.5471945253210293,0.3392208288986239,-0.3198134278255793,0.0031110473550814,0.0030008978948746,0.158968268926384,-1.8786144948935648,NEWMARK GROUP INC,3.7975000000000003,0.3432244987545485,1.765097242788518,1.2913331888048167,-0.921292353516877,-0.12089441761780315,7.536554339477727,3.7975000000000003,2024,2
NMRK,2024Q3,0.31133149851802405,0.2834820883792817,-0.18335956550091542,0.5113085149393592,0.4005345309916239,-0.2953520104491237,0.0037630895473471,0.0035557156035024,0.0829477008091572,0.2459211539808135,NEWMARK GROUP INC,3.7975000000000003,0.3432244987545485,1.865749884820468,1.3360707167998938,-0.8962873762955189,-0.09056820572951932,7.536554339477727,3.7975000000000003,2024,3
NMRK,2024Q4,0.31133149851802405,1.0332506672181896,0.024762834416760908,0.5113085149393592,0.3289290548715103,-0.2953520104491237,0.0096100826513873,0.0096261785254018,0.2950568002892497,1.552352048558422,NEWMARK GROUP INC,3.7975000000000003,0.3432244987545485,1.9468110174590156,1.393848045141733,-0.8898474798986603,-0.09056820572951932,7.536554339477727,3.7975000000000003,2024,4
OPAD,2020Q4,-0.7140323278572149,-0.23531075325459133,-0.607005606243364,-0.6614541331189776,-0.7920354453364843,-0.1690104420599221,-0.0055919923009416,-0.0055919923009416,0.197810747726236,-0.5519701086956521,OFFERPAD SOLUTIONS INC,3.7975000000000003,0.2476960990999482,0.365784825955317,0.8019895428665198,-1.3434357086712785,-1.4431172559469472,3.25,,2020,4
OPAD,2021Q1,-0.7140323278572149,-0.20583141953680217,-0.5399056662873978,-0.6614541331189776,-0.7920354453364843,-0.1690104420599221,-0.0055919923009416,-0.0055919923009416,0.2721050038077319,-0.8233510235026535,OFFERPAD SOLUTIONS INC,3.7975000000000003,-1.3643374166052609,0.5293781805988044,0.9549079359171174,-1.3710818151739048,-1.4916391949682002,3.25,3.7975000000000003,2021,1
OPAD,2021Q2,-0.7140323278572149,0.049954732970313005,-0.44487831738261313,-0.6614541331189776,-0.7920354453364843,-0.1690104420599221,-0.0055919923009416,-0.0055919923009416,0.3333955460397504,-3.0910274109744433,OFFERPAD SOLUTIONS INC,3.7975000000000003,0.47151644981504,0.7180439652579367,1.1370581457793405,-1.3894753940970221,-1.5401611339894532,3.25,3.7975000000000003,2021,2
OPAD,2021Q3,-0.2269482655843184,-0.6149046784015189,-0.2541988905698033,-0.4960196660344022,-0.5836721036045804,-0.2270693010028439,-0.0143157835653345,-0.0143157835653345,0.4268883683219464,-2.6651795429815017,OFFERPAD SOLUTIONS INC,1.1840000000000002,-0.15430251486125499,0.8221363771504672,1.245270932010742,-1.4019007068520795,-1.52803064923414,3.25,3.7975000000000003,2021,3
OPAD,2021Q4,-0.223414402980162,0.14811059919823708,0.11371930057962372,-0.48473235164529416,-0.5126103664996298,-0.1896182197383455,0.0105745482530856,0.0094643192356412,0.6057021545956129,-1.836829379860158,OFFERPAD SOLUTIONS INC,3.7975000000000003,2.1096336272099108,1.044093404914493,1.3659489374230769,-1.4126796013538803,-1.449182498324603,3.25,1.1840000000000002,2021,4
OPAD,2022Q1,-0.8262551185045933,0.9131074526372183,0.6364107314419435,-0.44733522258989983,-0.5633044004307971,-0.262889703101978,0.0356295011713368,0.0356295011713368,0.5836007561610992,2.2006871778853663,OFFERPAD SOLUTIONS INC,3.7975000000000003,1.0185264581862958,1.011831011354827,1.4505719746795498,-1.4214604987045898,-1.4431172559469472,3.294354838709677,3.7975000000000003,2022,1
OPAD,2022Q2,-0.8106698783016469,0.11423379580983851,0.34620388439704974,-0.4348956088559607,-0.4691630180446974,-0.2080705006238558,0.0086344263948393,0.0075701060063728,-0.2142219200676645,-0.7180150287889138,OFFERPAD SOLUTIONS INC,3.7975000000000003,1.4819794976177865,1.020602766878533,1.4578420224860993,-1.4260567496616017,-1.2854209541278747,3.928571428571429,3.7975000000000003,2022,2
OPAD,2022Q3,-0.8019711395837233,-1.6710303109595501,0.14440855105715653,-0.49824434587353855,-0.49147157437288064,-0.1669449081803005,-0.05427036303242234,-0.0556636060100167,-0.2388064817036287,-3.0910274109744433,OFFERPAD SOLUTIONS INC,3.7975000000000003,2.1096336272099108,1.1048063700914394,1.4328557220664442,-1.3893467676709883,-1.121659409931145,5.373076923076923,3.7975000000000003,2022,3
OPAD,2022Q4,-0.7950393321678781,-1.6710303109595501,0.026908935848756175,-0.595388970681985,-0.6446716676097033,-0.1465053225851413,-0.05427036303242234,-0.1468204477443704,-0.1758699916761181,0.5137962060433381,OFFERPAD SOLUTIONS INC,3.7975000000000003,1.6357088507428188,1.2090465756790425,1.3716468673175612,-1.321217637347363,-0.9033106843355078,6.819672131147541,3.7975000000000003,2022,4
OPAD,2023Q1,-0.8401187333362841,-1.6710303109595501,-0.11432026896294722,-0.5695996469162781,-0.766504472508135,-0.4512504734400152,-0.05427036303242234,-0.1759036786289177,-0.099872418467427,-0.5092581127153553,OFFERPAD SOLUTIONS INC,3.7975000000000003,0.9770183991906833,1.2969102127150742,1.3129198839933083,-1.225896880559771,-0.691027201117525,7.536554339477727,3.7975000000000003,2023,1
OPAD,2023Q2,-0.8394391443739463,-0.8060317398259697,-0.5742826156653539,-0.5861461109690922,-0.7627155569880313,-0.3744282797273301,-0.05427036303242234,-0.063279345003271,-0.475545943875139,-0.6241357848167275,OFFERPAD SOLUTIONS INC,3.7975000000000003,0.11881732019668796,1.374506467683839,1.2369395051062007,-1.1154925315457165,-0.4848089602771996,7.536554339477727,3.7975000000000003,2023,2
OPAD,2023Q3,-0.8394391443739463,-0.7420241257315433,-0.5722702242178651,-0.6008201905238649,-0.7454464658928384,-0.2705621501514875,-0.0538609414301113,-0.0473436978114258,0.0177321451072576,-0.1055316863587541,OFFERPAD SOLUTIONS INC,3.7975000000000003,0.04296012140770716,1.5123226617579617,1.2309782255107102,-1.044199191141611,-0.3271126584581272,7.536554339477727,3.7975000000000003,2023,3
OPAD,2023Q4,-0.8377628249335132,-0.6186506710838899,-0.574581496807192,-0.6117813055230702,-0.756064383285073,-0.2654137278966746,-0.0413719929211317,-0.040666958129441,0.0265980156087231,-0.2274091864305013,OFFERPAD SOLUTIONS INC,3.7975000000000003,0.3432244987545485,1.6148464062074337,1.218712513679024,-0.989035604562394,-0.2118730532826519,7.536554339477727,3.7975000000000003,2023,4
OPAD,2024Q1,-0.8275236845676238,-0.6749491408174947,-0.5215020037980517,-0.6229332471653685,-0.7585574791926836,-0.2355825665492824,-0.0473729194051811,-0.0473729194051811,0.1867269959826665,0.1343177255359109,OFFERPAD SOLUTIONS INC,3.7975000000000003,0.3432244987545485,1.6678837999851253,1.254695659189155,-0.9514252375895291,-0.17548159901671215,7.536554339477727,3.7975000000000003,2024,1
OPAD,2024Q2,-0.8271159311902213,-0.5736173242719081,-0.5641341402026411,-0.6315237080984559,-0.7493286724215233,-0.1882988011066707,-0.0355045591491477,-0.0338936366430986,-0.1199756095851526,-0.2131316014844418,OFFERPAD SOLUTIONS INC,3.7975000000000003,0.3432244987545485,1.765097242788518,1.2913331888048167,-0.921292353516877,-0.12089441761780315,7.536554339477727,3.7975000000000003,2024,2
OPAD,2024Q3,-0.7871107942739374,-0.5669668300169741,-0.6135652607773894,-0.6420061254929791,-0.7663704135789137,-0.1882282385195339,-0.0364276814858468,-0.0399925551275082,-0.1714505300212645,-0.0177768103323174,OFFERPAD SOLUTIONS INC,3.7975000000000003,0.3432244987545485,1.865749884820468,1.3360707167998938,-0.8962873762955189,-0.09056820572951932,7.536554339477727,3.7975000000000003,2024,3
OPEN,2019Q4,0.4237808188195152,-1.6710303109595501,2.138782297230363,-0.1660110827561196,-0.2928632707313195,-0.2900943861227664,-0.0419275309586841,-0.0419275309586841,0.0371777027947912,0.0427141838281179,OPENDOOR TECHNOLOGIES INC,3.7975000000000003,0.8374122680363969,0.48776141621555785,-0.08154072371337569,1.2173449317999647,0.21269391315331218,4.834677419354839,,2019,4
OPEN,2020Q1,0.4237808188195152,-1.6710303109595501,0.5863975791699313,-0.1660110827561196,-0.2928632707313195,-0.2900943861227664,-0.0419275309586841,-0.0419275309586841,0.0001122920804617,-0.3352926717181973,OPENDOOR TECHNOLOGIES INC,3.7975000000000003,1.3390182117238343,0.32101703151730404,0.005077387035565382,1.2774992237093705,-0.0723724785965501,4.395161290322581,3.7975000000000003,2020,1
OPEN,2020Q2,0.4237808188195152,-1.6710303109595501,-0.004023015104855687,-0.1660110827561196,-0.2928632707313195,-0.2900943861227664,-0.0419275309586841,-0.0419275309586841,-0.4108696084950172,-0.1009228889317641,OPENDOOR TECHNOLOGIES INC,3.7975000000000003,-0.3514043959641671,-0.612891327639611,0.49368684592863393,-0.36987944019650487,-1.6614659815425858,3.25,3.7975000000000003,2020,2
OPEN,2020Q3,0.4237808188195152,-1.6710303109595501,-0.45364137762770806,-0.1660110827561196,-0.2928632707313195,-0.2900943861227664,-0.0419275309586841,-0.0419275309586841,-0.475545943875139,0.4458949552030615,OPENDOOR TECHNOLOGIES INC,3.7975000000000003,0.02342118385157888,0.2385920883335003,0.6739297655320579,-1.308980976683825,-1.3642691050374103,3.25,3.7975000000000003,2020,3
OPEN,2020Q4,-0.057866531754679235,-1.6710303109595501,-0.5094815885522476,0.6100237898101872,-0.3068949387297919,-0.7349789619513308,-0.0403533399338659,-0.0403533399338659,-0.264983919695936,0.0858224184631368,OPENDOOR TECHNOLOGIES INC,3.7975000000000003,0.2476960990999482,0.365784825955317,0.8019895428665198,-1.3434357086712785,-1.4431172559469472,3.25,3.7975000000000003,2020,4
OPEN,2021Q1,-0.6559048186119237,-1.6710303109595501,0.24716074150380904,1.2490108816997256,-0.03274192737252447,-0.7282306633346701,-0.05427036303242234,-0.0826588648389589,0.6152873264151972,2.0804173501002365,OPENDOOR TECHNOLOGIES INC,3.7975000000000003,-1.3643374166052609,0.5293781805988044,0.9549079359171174,-1.3710818151739048,-1.4916391949682002,3.25,3.7975000000000003,2021,1
OPEN,2021Q2,-0.34709959412563746,-1.6710303109595501,0.6368051197155717,1.2770314092923667,0.3665708513393382,-0.4964649594588293,-0.0353330410309714,-0.0295392954486211,0.5862802666759448,-0.4682475705897143,OPENDOOR TECHNOLOGIES INC,3.7975000000000003,0.47151644981504,0.7180439652579367,1.1370581457793405,-1.3894753940970221,-1.5401611339894532,3.25,3.7975000000000003,2021,2
OPEN,2021Q3,0.19299240720960575,-1.6710303109595501,1.7555700434413528,1.232130063272261,1.3921101548259835,-0.2633473507336417,-0.0099632418525713,-0.0063353148730322,0.6152873264151972,-0.6048885643753694,OPENDOOR TECHNOLOGIES INC,3.7975000000000003,-0.15430251486125499,0.8221363771504672,1.245270932010742,-1.4019007068520795,-1.52803064923414,3.25,3.7975000000000003,2021,3
OPEN,2021Q4,0.6515790389951382,-1.6710303109595501,2.138782297230363,1.1384610929632277,1.5265154863178916,-0.2363770250368188,-0.0286970438918686,-0.0200862613086471,0.6152873264151972,2.360495608863232,OPENDOOR TECHNOLOGIES INC,3.7975000000000003,2.1096336272099108,1.044093404914493,1.3659489374230769,-1.4126796013538803,-1.449182498324603,3.25,3.7975000000000003,2021,4
OPEN,2022Q1,-0.39045736992278773,0.5605498225021857,2.138782297230363,1.2191954419641446,1.2178798171774903,-0.2836073500967118,0.003384912959381,0.003384912959381,0.347728641601513,-1.1466429244788938,OPENDOOR TECHNOLOGIES INC,3.7975000000000003,1.0185264581862958,1.011831011354827,1.4505719746795498,-1.4214604987045898,-1.4431172559469472,3.294354838709677,3.7975000000000003,2022,1
OPEN,2022Q2,0.06260193830239746,-1.6653298873124642,2.138782297230363,1.226534928236955,1.6840847501415972,-0.2323401736385161,-0.0058670143415906,-0.005327545382794,-0.1850126189089497,-2.928571428571429,OPENDOOR TECHNOLOGIES INC,3.7975000000000003,1.4819794976177865,1.020602766878533,1.4578420224860993,-1.4260567496616017,-1.2854209541278747,3.928571428571429,3.7975000000000003,2022,2
RDFN,2015Q4,-0.6347922548486301,-0.43759435810262515,-0.7959501740975345,-0.6098037217217851,-0.8197523790629593,-0.8252514913557343,-0.05427036303242234,-0.0701377005133782,-0.2061621246311404,2.5577183974957842,REDFIN CORP,-0.061,0.28747177628965603,-0.7067095098805496,-0.793374965531574,0.6817273435967882,0.5948041829456792,3.290322580645161,,2015,4
RDFN,2016Q1,-0.6347922548486301,-0.8585570720026933,-0.7846634783465436,-0.6098037217217851,-0.8197523790629593,-0.8252514913557343,-0.05427036303242234,-0.0701377005133782,-0.0895852010583165,1.7680994185383647,REDFIN CORP,-0.104,-0.11649452503325952,-0.644234433003291,-0.72626867353896,0.7359390946233393,0.4371078811266068,3.5,-0.061,2016,1
RDFN,2016Q2,-0.6347922548486301,-0.16182957795619793,-0.7730846431336057,-0.6098037217217851,-0.8197523790629593,-0.8252514913557343,-0.05427036303242234,-0.0701377005133782,0.6152873264151972,-1.0571687466534865,REDFIN CORP,-0.914,0.4995823651491568,-0.6094150373292798,-0.6779719344333227,0.7645198864884929,0.3825206997276978,3.5,-0.104,2016,2
RDFN,2016Q3,-0.6347922548486301,-0.04478087906935927,-0.7742846621542188,-0.6098037217217851,-0.8197523790629593,-0.8252514913557343,-0.05427036303242234,-0.0701377005133782,0.0431067761278534,2.5577183974957842,REDFIN CORP,-0.436,-0.8052700172116496,-0.5322490389091021,-0.6317341111719108,0.7976454787402439,0.33399876070644474,3.5,-0.914,2016,3
RDFN,2016Q4,-0.22885111467886415,-0.34432456928648925,-0.7780600028932262,-0.6200129471272646,-0.8176457030166306,-0.6793829648553683,-0.0399694329360114,-0.0399694329360114,-0.1761817822954702,-1.9359649122807017,REDFIN CORP,-0.727,-0.36948295699167055,-0.47152580235566405,-0.5825116579657692,0.8375025206212012,0.28547682168519173,3.545081967213114,-0.436,2016,4
RDFN,2017Q1,-0.626909022885512,-0.9613547117718161,-0.7604855670304834,-0.6402038738637666,-0.8217900247651366,-0.5638926668206352,-0.05427036303242234,-0.2400711676802928,-0.1035308915576053,2.5577183974957842,REDFIN CORP,-1.03,-0.8271351005565172,-0.4178915274774124,-0.5360583667671714,0.866812195567223,0.24908536741925194,3.7983870967741935,-0.727,2017,1
RDFN,2017Q2,-0.4160552208375107,-0.08267512388522819,-0.7459415162787834,-0.6341161777497075,-0.8181606793883972,-0.5584318738681155,0.0346642504782039,0.0327504603631161,0.6152873264151972,-1.1533528112306706,REDFIN CORP,-0.348,-0.48355744898145275,-0.3559174655201242,-0.49749758630477253,0.8882670834299945,0.21269391315331218,4.046153846153846,-1.03,2017,2
RDFN,2017Q4,-0.29472593809480613,-0.24834029301935998,-0.7490381945754216,-0.5027866723779336,-0.7805098789626367,-0.8314447340887731,-0.0087824107693152,-0.006380450781153,-0.1253744976251369,-1.1703759825741074,REDFIN CORP,-0.382,-0.6212620608370437,-0.14170049057444167,-0.4263851867392841,0.9354644066900604,0.28547682168519173,4.294354838709677,-0.348,2017,4
RDFN,2018Q2,-0.6602541879708855,-0.11245305122262662,-0.7018295811381009,-0.5107924209046204,-0.7767512267455848,-0.7563160180885774,0.0113135061815064,0.010798597899543,0.6152873264151972,-1.0880100990696782,REDFIN CORP,-0.307,-0.39031656510642404,0.011299651114188777,-0.37192766068890953,0.9822244001016058,0.3825206997276978,4.796875,-0.382,2018,2
RDFN,2019Q3,-0.262649339072463,-0.015437269724119814,-0.6002526902191275,-0.4275235026441597,-0.702968293465393,-0.5519075652254702,0.0115181894309868,0.0114546821287701,0.2068044958818085,-1.537151457541191,REDFIN CORP,-0.068,0.9361422955007461,0.4066597687030698,-0.15915706286430498,1.1570019877990403,0.3158030335734742,5.307692307692308,-0.307,2019,3
RMAX,2011Q1,-0.5797908548300926,-0.17328471499939038,-0.7937445211598347,-0.7451471105863118,-0.7063037596596041,0.1084647169527641,0.0016880832275126,0.0016694058055919,0.0,0.0,RE/MAX HOLDINGS INC,-2.5805000000000002,-2.1838364049520997,-1.8317527784787342,-1.6034625867067802,0.1187552021233324,1.9534184755407629,3.25,,2011,1
RMAX,2011Q2,-0.5797908548300926,0.08676318280578453,-0.8076042914025898,-0.7451471105863118,-0.7063037596596041,0.1084647169527641,0.0016880832275126,0.0016694058055919,0.6152873264151972,2.5577183974957842,RE/MAX HOLDINGS INC,-2.5805000000000002,-1.4301842798258724,-1.7664256827290146,-1.5564905764001407,0.1530127069241985,1.862439839875914,3.25,-2.5805000000000002,2011,2
RMAX,2011Q3,-0.5797908548300926,0.025470056162351876,-0.8345642692870376,-0.7451471105863118,-0.7063037596596041,0.1084647169527641,0.0016880832275126,0.0016694058055919,-0.475545943875139,-0.2141096150199126,RE/MAX HOLDINGS INC,-2.5805000000000002,-1.134725495377871,-1.7685946550647957,-1.468763204789389,0.2104572687917827,1.5167210243494855,3.25,-2.5805000000000002,2011,3
RMAX,2011Q4,-0.8064111208043303,-0.05251716830469068,-0.8336327938487527,-0.7298654846678453,-0.8043928773793441,0.2360979272249483,0.0290403024696323,0.0290403024696323,-0.0713036234902123,-0.3466457528957529,RE/MAX HOLDINGS INC,-2.5805000000000002,-1.5560415442793625,-1.6594498672025213,-1.430761044904881,0.23030003878157088,1.4742643277058898,3.25,-2.5805000000000002,2011,4
RMAX,2012Q1,-0.8064111208043303,-0.07276724468910202,-0.8307878049347148,-0.7298654846678453,-0.8043928773793441,0.2360979272249483,0.0290403024696323,0.0290403024696323,0.046461566059736,-0.1377654662973223,RE/MAX HOLDINGS INC,1.283,-1.9105593480869563,-1.577035195395209,-1.3897742550756425,0.2605786994703966,1.443938115817606,3.25,-2.5805000000000002,2012,1
RMAX,2012Q2,-0.8064111208043303,0.04930325598207459,-0.8350800077987055,-0.7298654846678453,-0.8043928773793441,0.2360979272249483,0.0290403024696323,0.0290403024696323,0.0047427216365247,0.9631612765046051,RE/MAX HOLDINGS INC,3.7975000000000003,-1.5295517523231297,-1.5328026537988035,-1.3533122919273182,0.2884306082546801,1.3772204496633838,3.25,1.283,2012,2
RMAX,2012Q3,-0.8064111208043303,0.13573253642170682,-0.8340496543886847,-0.7298654846678453,-0.8043928773793441,0.2360979272249483,0.0290403024696323,0.0290403024696323,0.0927574146216623,0.3473707178703904,RE/MAX HOLDINGS INC,-2.5805000000000002,-1.7534456818890483,-1.5184655241128118,-1.3083912171709344,0.31209787064526634,1.255915602110251,3.25,3.7975000000000003,2012,3
RMAX,2012Q4,-0.8224494203155018,-0.005719404649563157,-0.8345451678606794,-0.709759369772718,-0.7881239759445177,0.077010242056045,0.0283843315627087,0.0283843315627087,-0.0871477269770226,-0.4219433198380566,RE/MAX HOLDINGS INC,-2.5805000000000002,-0.272840919719759,-1.506937615897235,-1.2533032478969404,0.34845627373804994,1.1042845426688361,3.25,-2.5805000000000002,2012,4
RMAX,2013Q1,-0.8224494203155018,-0.052734327300770156,-0.8290720474024339,-0.709759369772718,-0.7881239759445177,0.077010242056045,0.0283843315627087,0.0283843315627087,0.1138825541619157,-0.2426110099453705,RE/MAX HOLDINGS INC,-2.5805000000000002,-1.6617697509863234,-1.408476200850129,-1.2151494624270045,0.38088728328920746,1.0860888155358654,3.25,-2.5805000000000002,2013,1
RMAX,2013Q2,-0.821679219491519,0.059672598044869664,-0.8355968699236888,-0.7141018991507976,-0.7914859537926419,0.103725794934263,0.0401058512202293,0.0401058512202293,0.0042482405630197,0.7658590715738858,RE/MAX HOLDINGS INC,-2.5805000000000002,-1.3898718271873713,-1.3815018542874835,-1.1879925220475456,0.39913508559615213,1.0315016341369565,3.25,-2.5805000000000002,2013,2
RMAX,2013Q3,-0.8128898689119505,0.009427435326980432,-0.8351418065310404,-0.7131559209200798,-0.7880114264703579,0.0934029734642525,0.0314142749861233,0.0305482572768909,0.0272928824443821,-0.1938625890238793,RE/MAX HOLDINGS INC,3.7975000000000003,-1.3932857132616863,-1.29546252784274,-1.1525839577032437,0.4260608841129778,1.0254363917592992,3.25,-2.5805000000000002,2013,3
RMAX,2013Q4,-0.7933177067966224,-0.7735121801630678,-0.8293125006518824,-0.6821074474906667,-0.7627850875520679,-0.0412076310217871,-0.05427036303242234,-0.0599337344787613,-0.0019349077197855,-3.0910274109744433,RE/MAX HOLDINGS INC,3.7975000000000003,-0.11586945072598458,-1.206616833087721,-1.1020048545222254,0.4576772596325755,0.9769144527380462,3.25,3.7975000000000003,2013,4
RMAX,2014Q1,-0.8230383974161944,-0.1340603713325347,-0.8288192344065182,-0.6812479120982731,-0.7615585483936688,-0.0435891056587844,0.0067397764216846,0.0067397764216846,0.0409106725654919,-1.114016835335288,RE/MAX HOLDINGS INC,-2.5805000000000002,-0.8744413670785932,-1.2420947381212413,-1.0609063405774082,0.4804527121359801,0.8313486356742871,3.25,3.7975000000000003,2014,1
RMAX,2014Q2,-0.811711914710565,-0.08069354804600296,-0.8353800125538589,-0.6750770351397889,-0.7651503772790215,-0.0674498931169655,0.0124862179482607,0.0127473308364835,0.0100047755491881,0.8154292824554126,RE/MAX HOLDINGS INC,-1.9170000000000005,-0.15173985241397966,-1.109744057604629,-1.0244922591929033,0.5038798718646321,0.8798705746955401,3.25,-2.5805000000000002,2014,2
RMAX,2014Q3,-0.7974405465014717,-0.0834623252460163,-0.8342092074794404,-0.6677783237907161,-0.763094473551036,-0.091329006274425,0.0121832011467883,0.0121591872258849,0.0458876096361615,-0.0233036326250855,RE/MAX HOLDINGS INC,-2.2710000000000004,-0.20906629607987592,-0.9836172606098138,-0.9903046798259912,0.5312858757053248,0.910196786583824,3.25,-1.9170000000000005,2014,3
RMAX,2014Q4,-0.7517268623015504,-0.1350918765639122,-0.8327777241159001,-0.6627442517060428,-0.7614084824281223,-0.1068381673722605,0.0067271152638613,0.0066224426292185,-0.0378616636528029,-0.4449122807017543,RE/MAX HOLDINGS INC,3.7975000000000003,0.23508230755040868,-0.9304971251881632,-0.9509618305545454,0.5530751922757883,0.8374138780519443,3.25,-2.2710000000000004,2014,4
RMAX,2015Q1,-0.8283391913224292,-0.12572689485798472,-0.8297540806847485,-0.6949442089818124,-0.7603642734178621,0.003315843774655,0.0074978896668156,0.0074978896668156,0.0385762950781158,0.1453855878634637,RE/MAX HOLDINGS INC,-2.5730000000000004,0.8276322088703078,-0.8354355357597308,-0.8950598712956245,0.5910542883366231,0.728239515254125,3.25,3.7975000000000003,2015,1
RMAX,2015Q2,-0.8018805277220784,-0.06489523108122094,-0.8355845101772217,-0.68353783181539,-0.7697243879088753,-0.039329022573044,0.0144245033305215,0.0152548003863688,0.0015834596330897,0.824503311258278,RE/MAX HOLDINGS INC,-0.151,-0.1346474345312848,-0.7694579194988861,-0.8703129796950658,0.6164622950262266,0.7585657271424076,3.25,-2.5730000000000004,2015,2
RMAX,2015Q3,-0.7499146250686497,-0.06562814269298915,-0.83442381762264,-0.6762024230349531,-0.7673966146733083,-0.0651345006504478,0.0144779909292392,0.0147494654365476,0.0188133794069154,-0.0054446460980034,RE/MAX HOLDINGS INC,3.7975000000000003,-0.043810722088286104,-0.72656065684637,-0.8392297346824327,0.6420075032369352,0.7221742728764677,3.25,-0.151,2015,3
RMAX,2015Q4,-0.6828618474513223,-0.08967850150879135,-0.832839522848235,-0.6626374214058497,-0.754659015517731,-0.0996955721711958,0.0115002153092708,0.0105005540949825,-0.0407005098647749,-0.1796431467964314,RE/MAX HOLDINGS INC,-1.015,0.28747177628965603,-0.7067095098805496,-0.793374965531574,0.6817273435967882,0.5948041829456792,3.290322580645161,3.7975000000000003,2015,4
RMAX,2016Q1,-0.7805867402354947,-0.06541098369690967,-0.8325990695987864,-0.6591886783561034,-0.7577798873812107,-0.1143749916182761,0.013249829012834,0.013249829012834,-0.0082497573600776,0.2209589718240237,RE/MAX HOLDINGS INC,1.482,-0.11649452503325952,-0.644234433003291,-0.72626867353896,0.7359390946233393,0.4371078811266068,3.5,-1.015,2016,1
RMAX,2016Q2,-0.7481023878357489,-0.010551192312331542,-0.8363171060587196,-0.652669583548898,-0.757276666176745,-0.1350871155431416,0.0186202155461813,0.0185702433259436,0.0113474846797307,0.4091093117408906,RE/MAX HOLDINGS INC,3.7975000000000003,0.4995823651491568,-0.6094150373292798,-0.6779719344333227,0.7645198864884929,0.3825206997276978,3.5,1.482,2016,2
RMAX,2016Q3,-0.6972238275220607,-0.0119084360378283,-0.8345642692870376,-0.6469243967942369,-0.7539051841508031,-0.1485397615926783,0.018250735689594,0.0177968567727714,0.0496498018615794,-0.0071828760235599,RE/MAX HOLDINGS INC,-1.709,-0.8052700172116496,-0.5322490389091021,-0.6317341111719108,0.7976454787402439,0.33399876070644474,3.5,3.7975000000000003,2016,3
RMAX,2016Q4,-0.6443971121830041,-0.09296303132449346,-0.8302248746638093,-0.645271381385905,-0.7416933160945233,-0.1365860465329072,0.0099799003535554,0.0089785498441049,-0.024956649619175,-0.432064824193315,RE/MAX HOLDINGS INC,1.952,-0.36948295699167055,-0.47152580235566405,-0.5825116579657692,0.8375025206212012,0.28547682168519173,3.545081967213114,-1.709,2016,4
RMAX,2017Q1,-0.8145208824215611,-0.0762689335008836,-0.828034952312522,-0.6442560857848328,-0.7417128246700443,-0.139458902934279,0.0103872333123605,0.0103872333123605,0.0671739228310297,0.1566878980891719,RE/MAX HOLDINGS INC,-0.097,-0.8271351005565172,-0.4178915274774124,-0.5360583667671714,0.866812195567223,0.24908536741925194,3.7983870967741935,1.952,2017,1
RMAX,2017Q2,-0.785072027386924,0.0029398103191060282,-0.8343406702373165,-0.6377239430020314,-0.7411913454397706,-0.1570361599417069,0.0170228306333346,0.0169824209855178,0.0278656710121081,0.6427312775330396,RE/MAX HOLDINGS INC,0.8130000000000001,-0.48355744898145275,-0.3559174655201242,-0.49749758630477253,0.8882670834299945,0.21269391315331218,4.046153846153846,-0.097,2017,2
RMAX,2017Q3,-0.7650015000325483,-0.09860916522255989,-0.8255292946196688,-0.635462565731531,-0.7389588640923256,-0.1600964993327173,0.0084201639934728,0.0082952826020005,0.0419479959775894,-0.501609010458568,RE/MAX HOLDINGS INC,0.762,-1.0890003496111478,-0.26814455897643774,-0.4629349331212765,0.9087787108351685,0.2308896402862814,4.25,0.8130000000000001,2017,3
RMAX,2017Q4,-0.7439342422000772,-0.34817914146690004,-0.8306338699105351,-0.638187961634168,-0.7493444293479058,-0.1682277241847491,-0.0126571235606335,-0.013471500041814,-0.038624411573536,-2.473500134517084,RE/MAX HOLDINGS INC,-0.307,-0.6212620608370437,-0.14170049057444167,-0.4263851867392841,0.9354644066900604,0.28547682168519173,4.294354838709677,0.762,2017,4
RMAX,2018Q1,-0.8122102799496127,-0.0642437540929825,-0.8244326480240524,-0.6531009822420444,-0.7481651609686537,-0.1218351621899595,0.0121159218726065,0.0121159218726065,0.0785085023560745,-1.9098046375753148,RE/MAX HOLDINGS INC,-1.0750000000000002,-0.14430662390998922,-0.049415025958838024,-0.401845782781942,0.9524602451169233,0.352194487839414,4.528225806451613,-0.307,2018,1
RMAX,2018Q2,-0.7782308318327238,0.008097336475993618,-0.8263293073000776,-0.6454124626220379,-0.7458941626900517,-0.1416319937576869,0.0183927064069049,0.0181940588594932,0.0310588503476312,0.5348183825005017,RE/MAX HOLDINGS INC,3.7975000000000003,-0.39031656510642404,0.011299651114188777,-0.37192766068890953,0.9822244001016058,0.3825206997276978,4.796875,-1.0750000000000002,2018,2
RMAX,2018Q3,-0.6026703498954645,0.02142546986037157,-0.8255832280587975,-0.6359347393484152,-0.744463283708567,-0.1670069799426396,0.0194138244685587,0.0191021362285778,0.0108517419901614,0.0641997907949789,RE/MAX HOLDINGS INC,-1.483,-0.5737851428913459,0.08301554304159435,-0.3388892436536587,1.0104364628787894,0.38858594210535374,5.007936507936508,3.7975000000000003,2018,3
RMAX,2019Q3,-0.3862439183562935,0.04949327010364413,-0.8096312898231759,-0.6128952764395879,-0.7180379177255612,-0.1869547310398263,0.0174003710359287,0.0172511391995606,0.0022414928342275,0.0703617269544922,RE/MAX HOLDINGS INC,3.7975000000000003,0.9361422955007461,0.4066597687030698,-0.15915706286430498,1.1570019877990403,0.3158030335734742,5.307692307692308,-1.483,2019,3
RMAX,2019Q4,-0.24430043708934296,-0.12111226619129581,-0.7989805592085771,-0.6145540003372431,-0.7153820002453327,-0.1795439124406289,0.0054391276302221,0.0053249550107679,-0.0467983394137627,-0.6851629783058977,RE/MAX HOLDINGS INC,3.7975000000000003,0.8374122680363969,0.48776141621555785,-0.08154072371337569,1.2173449317999647,0.21269391315331218,4.834677419354839,3.7975000000000003,2019,4
RMAX,2020Q1,-0.754490524081724,-0.12808849894034902,-0.7986288682409256,-0.6131660219332071,-0.7165550158760203,-0.1842756229750289,0.0048934088702567,0.0048934088702567,0.0304870001319783,-0.08898891966759,RE/MAX HOLDINGS INC,3.7975000000000003,1.3390182117238343,0.32101703151730404,0.005077387035565382,1.2774992237093705,-0.0723724785965501,4.395161290322581,3.7975000000000003,2020,1
RMAX,2020Q2,-0.7029776807365204,-0.10083504493237455,-0.8160482454661734,-0.6114706006041878,-0.7190436098046645,-0.1916897853374568,0.0068238947073985,0.0068882269116487,-0.2570725182149362,0.3816039528696313,RE/MAX HOLDINGS INC,3.7975000000000003,-0.3514043959641671,-0.612891327639611,0.49368684592863393,-0.36987944019650487,-1.6614659815425858,3.25,3.7975000000000003,2020,2
RMAX,2020Q3,-0.6362420446349507,-0.10132365267355337,-0.8075087842707994,-0.6032993058871253,-0.7151396437109754,-0.2046248902582451,0.0067452189507644,0.0066572063292234,0.3613691650544945,-0.0049518569463548,RE/MAX HOLDINGS INC,3.7975000000000003,0.02342118385157888,0.2385920883335003,0.6739297655320579,-1.308980976683825,-1.3642691050374103,3.25,3.7975000000000003,2020,3
RMAX,2020Q4,-0.5307698376801276,-0.16239962032090657,-0.792937766799535,-0.6118783498415662,-0.7143775587159423,-0.1842293106477685,0.0025372808126722,0.0025019766897036,0.0193603759514866,-0.6220624827204866,RE/MAX HOLDINGS INC,3.7975000000000003,0.2476960990999482,0.365784825955317,0.8019895428665198,-1.3434357086712785,-1.4431172559469472,3.25,3.7975000000000003,2020,4
RMAX,2021Q1,-0.6450313952145192,-0.16793717472093325,-0.7884938761379949,-0.6017302868216934,-0.711371237206163,-0.2025491235485003,0.002082781148592,0.002082781148592,-0.0021256332040469,-0.149231894659839,RE/MAX HOLDINGS INC,3.7975000000000003,-1.3643374166052609,0.5293781805988044,0.9549079359171174,-1.3710818151739048,-1.4916391949682002,3.25,3.7975000000000003,2021,1
RMAX,2021Q2,-0.5014115945071356,-0.05669747897922063,-0.7980648143567048,-0.5963333179157534,-0.7133938763117857,-0.2175518488972398,0.0094904883154789,0.0095602224964155,0.0684832976001106,2.5577183974957842,RE/MAX HOLDINGS INC,3.7975000000000003,0.47151644981504,0.7180439652579367,1.1370581457793405,-1.3894753940970221,-1.5401611339894532,3.25,3.7975000000000003,2021,2
RMAX,2021Q3,-0.29671939905099687,-0.8821731128263366,-0.7846084212940998,-0.640808973732036,-0.656149212874576,-0.0836534352183516,-0.0399641288479915,-0.0322762805465753,0.1780156901328224,-3.0910274109744433,RE/MAX HOLDINGS INC,3.7975000000000003,-0.15430251486125499,0.8221363771504672,1.245270932010742,-1.4019007068520795,-1.52803064923414,3.25,3.7975000000000003,2021,3
RMAX,2021Q4,-0.15309959834361317,-0.11511324892460022,-0.782919630481383,-0.6384554451338882,-0.6569110477596665,-0.0877001750988554,0.0046681664158534,0.0040057567453,-0.0201545105882612,-1.1236232056940634,RE/MAX HOLDINGS INC,3.7975000000000003,2.1096336272099108,1.044093404914493,1.3659489374230769,-1.4126796013538803,-1.449182498324603,3.25,3.7975000000000003,2021,4
RMAX,2022Q1,-0.6748426976957366,-0.16011945086207202,-0.7795251946562219,-0.6378650242381643,-0.660024916544754,-0.0900779511917903,0.0019000030117208,0.0019000030117208,0.0206475780312462,-0.5332904470890962,RE/MAX HOLDINGS INC,3.7975000000000003,1.0185264581862958,1.011831011354827,1.4505719746795498,-1.4214604987045898,-1.4431172559469472,3.294354838709677,3.7975000000000003,2022,1
RMAX,2022Q2,-0.5651570391744192,-0.041279190257577696,-0.7879388111602956,-0.6429618897053938,-0.6642742844691426,-0.083757313916161,0.0077186078168614,0.0078064211128268,0.0128346006768931,2.5577183974957842,RE/MAX HOLDINGS INC,3.7975000000000003,1.4819794976177865,1.020602766878533,1.4578420224860993,-1.4260567496616017,-1.2854209541278747,3.928571428571429,3.7975000000000003,2022,2
RMAX,2022Q3,-0.4833345281089507,-0.19570638134459653,-0.784597185160948,-0.6567054855004691,-0.6693109984927644,-0.062883057717585,0.0001877572441885,0.0001926901611027,-0.035032330859697,-0.975982158174644,RE/MAX HOLDINGS INC,3.7975000000000003,2.1096336272099108,1.1048063700914394,1.4328557220664442,-1.3893467676709883,-1.121659409931145,5.373076923076923,3.7975000000000003,2022,3
RMAX,2022Q4,-0.393538173218719,-0.23506644938400192,-0.7923085433430337,-0.6689265456431736,-0.6771446920042283,-0.044160671083405,-0.0017870754203805,-0.0018842576743945,-0.0863024633754202,-3.0910274109744433,RE/MAX HOLDINGS INC,3.7975000000000003,1.6357088507428188,1.2090465756790425,1.3716468673175612,-1.321217637347363,-0.9033106843355078,6.819672131147541,3.7975000000000003,2022,4
RMAX,2023Q1,-0.7760561471532428,-0.21772087457215358,-0.7781262960788218,-0.6760694967835679,-0.68280342945504,-0.0326237085736289,-0.0009976078226726,-0.0009976078226726,0.0508693565653954,-0.4877862595419847,RE/MAX HOLDINGS INC,3.7975000000000003,0.9770183991906833,1.2969102127150742,1.3129198839933083,-1.225896880559771,-0.691027201117525,7.536554339477727,3.7975000000000003,2023,1
RMAX,2023Q2,-0.715255587989423,-0.14494546601101851,-0.7882309506222426,-0.6751871274338811,-0.6872026132350323,-0.0351515984244755,0.0030279543456794,0.003068608592104,-0.0345897589021204,-3.0910274109744433,RE/MAX HOLDINGS INC,3.7975000000000003,0.11881732019668796,1.374506467683839,1.2369395051062007,-1.1154925315457165,-0.4848089602771996,7.536554339477727,3.7975000000000003,2023,2
RMAX,2023Q3,-0.6510117780830917,-1.6710303109595501,-0.789923112274905,-0.746380144280144,-0.701496146343383,0.1075064687867449,-0.05427036303242234,-0.0994428564021335,-0.0148459010030687,-3.0910274109744433,RE/MAX HOLDINGS INC,3.7975000000000003,0.04296012140770716,1.5123226617579617,1.2309782255107102,-1.044199191141611,-0.3271126584581272,7.536554339477727,3.7975000000000003,2023,3
RMAX,2023Q4,-0.5526979081982265,-0.49557581005584567,-0.7900130013401193,-0.7568071077783836,-0.7066786744635275,0.133519882179676,-0.0174327213154056,-0.0188980334401801,-0.0569173756202061,-0.8165472466108252,RE/MAX HOLDINGS INC,3.7975000000000003,0.3432244987545485,1.6148464062074337,1.218712513679024,-0.989035604562394,-0.2118730532826519,7.536554339477727,3.7975000000000003,2023,4
RMAX,2024Q1,-0.7248604453237969,-0.2905234280077986,-0.783155589277571,-0.7582684810451475,-0.7092868209447236,0.1391387664498643,-0.0059164810965517,-0.0059164810965517,0.0220234986945171,-0.6925827450261299,RE/MAX HOLDINGS INC,3.7975000000000003,0.3432244987545485,1.6678837999851253,1.254695659189155,-0.9514252375895291,-0.17548159901671215,7.536554339477727,3.7975000000000003,2024,1
RMAX,2024Q2,-0.6391869301384144,-0.09893490371667911,-0.7956557874089573,-0.7511760908101883,-0.7081245600415669,0.1227858004196937,0.0065109029067095,0.0064844260014106,0.0021204031320654,-2.1049806143751866,RE/MAX HOLDINGS INC,3.7975000000000003,0.3432244987545485,1.765097242788518,1.2913331888048167,-0.921292353516877,-0.12089441761780315,7.536554339477727,3.7975000000000003,2024,2
RMAX,2024Q3,-0.5797908548300926,-0.17328471499939038,-0.7937445211598347,-0.7451471105863118,-0.7063037596596041,0.1084647169527641,0.0016880832275126,0.0016694058055919,0.0003186621289177,-0.7392712550607288,RE/MAX HOLDINGS INC,3.7975000000000003,0.3432244987545485,1.865749884820468,1.3360707167998938,-0.8962873762955189,-0.09056820572951932,7.536554339477727,3.7975000000000003,2024,3
TCN,2014Q4,-0.8309669353101352,1.111672209677391,-0.8411643739004094,-0.23114902342731378,-0.6415547975053048,-0.6776155151272013,0.05835261082475349,0.0576730891155073,0.6122460464854522,0.1129723502304147,TRICON RESIDENTIAL INC,1.269,0.23508230755040868,-0.9304971251881632,-0.9509618305545454,0.5530751922757883,0.8374138780519443,3.25,,2014,4
TCN,2015Q1,-0.8364036470088375,-0.5752731616170141,-0.8473150331877091,-0.20195091603712367,-0.6116821661837559,-0.6304572039428654,-0.0144654633535673,-0.0144654633535673,-0.475545943875139,-1.2865867544458935,TRICON RESIDENTIAL INC,0.1669999999999999,0.8276322088703078,-0.8354355357597308,-0.8950598712956245,0.5910542883366231,0.728239515254125,3.25,1.269,2015,1
TCN,2015Q2,-0.835135080945807,0.04542153892715391,-0.8497274309754023,-0.20632606535419357,-0.6237564737716182,-0.6580473273151658,0.0096727059885445,0.0099296462061444,-0.475545943875139,-1.6518095788485154,TRICON RESIDENTIAL INC,-0.129,-0.1346474345312848,-0.7694579194988861,-0.8703129796950658,0.6164622950262266,0.7585657271424076,3.25,0.1669999999999999,2015,2
TCN,2015Q3,-0.8396656740280588,1.0048842733553076,-0.8478543675789959,-0.015737547815746544,-0.582190702414695,-0.7737316526542889,0.0452660986313761,0.0412779809523455,0.6152873264151972,2.5577183974957842,TRICON RESIDENTIAL INC,-0.081,-0.043810722088286104,-0.72656065684637,-0.8392297346824327,0.6420075032369352,0.7221742728764677,3.25,-0.129,2015,3
TCN,2015Q4,-0.8214073839065839,0.8801807198566673,-0.8419913533003824,0.09296350587847763,-0.5649466223137597,-0.8436269757105302,0.0389533377697537,0.0347735544386442,-0.0342933690555927,-0.1035407604408483,TRICON RESIDENTIAL INC,0.347,0.28747177628965603,-0.7067095098805496,-0.793374965531574,0.6817273435967882,0.5948041829456792,3.290322580645161,-0.081,2015,4
TCN,2016Q1,-0.8343648801218241,0.26638081743802283,-0.8482566211458306,0.050925375003242734,-0.5613325336435175,-0.7885975658714351,0.0148176734620933,0.0148176734620933,-0.0110972395616589,-0.568497800125707,TRICON RESIDENTIAL INC,0.506,-0.11649452503325952,-0.644234433003291,-0.72626867353896,0.7359390946233393,0.4371078811266068,3.5,0.347,2016,1
TCN,2016Q2,-0.8179188272332499,0.30639236246566665,-0.8466509777184372,0.063683033142337,-0.5440997084899983,-0.7570690526247168,0.0156255043578615,0.0151868511546798,-0.0433721419553936,0.0858824214880848,TRICON RESIDENTIAL INC,0.182,0.4995823651491568,-0.6094150373292798,-0.6779719344333227,0.7645198864884929,0.3825206997276978,3.5,0.506,2016,2
TCN,2016Q3,-0.8078156046598283,0.6385913367182481,-0.8448543200274631,0.09169132825785707,-0.5198300401020665,-0.7275285905018517,0.0249684945446703,0.0233156826378778,0.3791900055720112,0.6566507485110264,TRICON RESIDENTIAL INC,0.016,-0.8052700172116496,-0.5322490389091021,-0.6317341111719108,0.7976454787402439,0.33399876070644474,3.5,0.182,2016,3
TCN,2016Q4,-0.8045988835714294,0.10557458084116934,-0.8456206243084164,0.11944600334772777,-0.5243845421563993,-0.7637323258851796,0.0089630899572759,0.0086056266203983,-0.3763422569053138,-0.6359838056680162,TRICON RESIDENTIAL INC,0.431,-0.36948295699167055,-0.47152580235566405,-0.5825116579657692,0.8375025206212012,0.28547682168519173,3.545081967213114,0.016,2016,4
TCN,2017Q1,-0.8412060756760246,0.08510734546067851,-0.8466262582255032,0.11711857070077211,-0.45671779741199303,-0.6308600910593611,0.0066505809506049,0.0066505809506049,0.3141493351517217,-0.0670878192009966,TRICON RESIDENTIAL INC,-0.185,-0.8271351005565172,-0.4178915274774124,-0.5360583667671714,0.866812195567223,0.24908536741925194,3.7983870967741935,0.431,2017,1
TCN,2017Q2,-0.8354522224615646,-0.9629019696188824,-0.839962107653166,0.2181384442612626,-0.4365641883490559,-0.6749367733308069,-0.017393767547694,-0.0169708768095258,0.4221409298464094,-3.0910274109744433,TRICON RESIDENTIAL INC,0.202,-0.48355744898145275,-0.3559174655201242,-0.49749758630477253,0.8882670834299945,0.21269391315331218,4.046153846153846,-0.185,2017,2
TCN,2017Q3,-0.8256208354730781,1.742166209919645,-0.8422587732693956,0.24028085884785752,-0.4326664750039311,-0.6848809451927612,0.0441011380228778,0.0431190691551529,0.6152873264151972,-3.0910274109744433,TRICON RESIDENTIAL INC,0.963,-1.0890003496111478,-0.26814455897643774,-0.4629349331212765,0.9087787108351685,0.2308896402862814,4.25,0.202,2017,3
TCN,2017Q4,-0.0028651317361418115,0.6629945789026794,-0.847593689289874,0.2527865279582519,-0.40312373869664175,-0.6482709751199998,0.0189773697821789,0.0177425515234225,-0.0668487272017945,-0.559465380029393,TRICON RESIDENTIAL INC,0.711,-0.6212620608370437,-0.14170049057444167,-0.4263851867392841,0.9354644066900604,0.28547682168519173,4.294354838709677,0.963,2017,4
TCN,2018Q1,-0.7637782399003402,1.742166209919645,-0.8397621044830639,0.37849480234352784,-0.34631976897825334,-0.651698355560489,0.05835261082475349,0.063707164491524,0.3050503783602993,2.5577183974957842,TRICON RESIDENTIAL INC,0.814,-0.14430662390998922,-0.049415025958838024,-0.401845782781942,0.9524602451169233,0.352194487839414,4.528225806451613,0.711,2018,1
TCN,2018Q2,-0.5776614760814343,1.2117282171210104,-0.8385519729426142,0.43713648216481,-0.32540707623959414,-0.6599864101341573,0.0252403315145121,0.0247382190233378,-0.3528455414777913,-0.5955988736601379,TRICON RESIDENTIAL INC,-1.995,-0.39031656510642404,0.011299651114188777,-0.37192766068890953,0.9822244001016058,0.3825206997276978,4.796875,0.814,2018,2
TCN,2018Q3,-0.5160001042319866,0.9794495259394989,-0.8416362914927854,0.4901919974340084,-0.3192783822066796,-0.6829803346079856,0.0208620869644299,0.0204283019844125,0.0494400099003773,-0.1645925099540286,TRICON RESIDENTIAL INC,0.7939999999999999,-0.5737851428913459,0.08301554304159435,-0.3388892436536587,1.0104364628787894,0.38858594210535374,5.007936507936508,-1.995,2018,3
TCN,2018Q4,-0.40540832709421887,1.3968562612787654,-0.839918286733874,0.6323146251191877,-0.2750579439192409,-0.7062223117721596,0.0275179324655125,0.0255372200129056,-0.0162617924528301,0.3540477067599925,TRICON RESIDENTIAL INC,1.314,0.30733760095586826,0.09940409486574157,-0.31355979059329897,1.027312249974686,0.37039021497238456,5.278225806451613,0.7939999999999999,2018,4
TCN,2019Q1,-0.7985278888412121,0.6681792499340771,-0.8399564895865902,0.625646294091102,-0.2543583448516575,-0.6782945931399426,0.0133989426718912,0.0133989426718912,-0.0421476606609847,-0.4564607458042136,TRICON RESIDENTIAL INC,0.796,-0.09536025128292464,0.17174140507088026,-0.2681758587866635,1.0697675456615658,0.34006400308410073,5.5,1.314,2019,1
TCN,2019Q2,-0.7546264418741916,0.22414339270056433,-0.8367901472644107,1.0190900572252863,-0.1273847801934917,-0.7260280364302855,0.0059129261293406,0.0053941735183995,-0.0901570615105438,-0.5117472235257312,TRICON RESIDENTIAL INC,1.181,1.156217324326888,0.2691106304177275,-0.22629527603279934,1.1013581958959568,0.352194487839414,5.5,0.796,2019,2
TCN,2019Q3,-0.3504522330065039,0.938135026935378,-0.8403137986208177,1.0607049443921228,-0.09396058768734498,-0.7108328694442746,0.0151374542974815,0.0138456430493451,0.0696138980206599,1.6853335041968345,TRICON RESIDENTIAL INC,0.806,0.9361422955007461,0.4066597687030698,-0.15915706286430498,1.1570019877990403,0.3158030335734742,5.307692307692308,1.181,2019,3
TCN,2019Q4,-0.2549020249018123,1.3516057554707044,-0.8388205165249423,1.0623098453904438,-0.10416107158541806,-0.721200229994297,0.020241499129166,0.0191356058832728,0.2833260461407885,0.3634454784061085,TRICON RESIDENTIAL INC,1.135,0.8374122680363969,0.48776141621555785,-0.08154072371337569,1.2173449317999647,0.21269391315331218,4.834677419354839,0.806,2019,4
TCN,2020Q1,-0.5559599352174478,-1.3127722571774316,-0.8012895845712737,0.6113179858896262,0.7848999892052386,-0.2447076385578493,-0.0062701407555785,-0.0062701407555785,-0.0431689279916627,-1.717720765811487,TRICON RESIDENTIAL INC,0.996,1.3390182117238343,0.32101703151730404,0.005077387035565382,1.2774992237093705,-0.0723724785965501,4.395161290322581,1.135,2020,1
